1,Fae,Daveridge,fdaveridge0@reddit.com,Female,963-346-8087,Audi,100,1993,70418.54,30
2,Rafa,Skala,rskala1@wix.com,Female,968-136-6218,Lincoln,MKX,2008,94349.63,20
3,Nikaniki,Fishly,nfishly2@umich.edu,Female,646-109-5965,Dodge,Caravan,1993,14696.78,20
4,Birdie,Reddish,breddish3@mapquest.com,Female,623-598-1151,GMC,3500 Club Coupe,1993,84804.26,40
5,Sascha,Ferreo,sferreo4@booking.com,Male,394-429-3097,Mercury,Grand Marquis,1986,92401.37,20
6,Nina,Lear,nlear5@dell.com,Female,215-768-1294,Lamborghini,Murci√©lago,2007,50870.7,30
7,Farlay,Yakovich,fyakovich6@topsy.com,Male,778-492-3174,Dodge,Ramcharger,1993,8851.03,30
8,George,Brannon,gbrannon7@hhs.gov,Male,309-307-2273,Volkswagen,Rabbit,2010,141671.16,10
9,Kit,Antognazzi,kantognazzi8@t.co,Female,122-705-8930,GMC,2500,1996,105891.73,40
10,Camilla,Aymes,caymes9@google.ru,Female,776-802-6388,Honda,Prelude,2000,22658.78,20
11,Emilie,Shevelin,eshevelina@slideshare.net,Female,792-277-8285,Toyota,Supra,1994,140738.74,20
12,Nollie,Mussett,nmussettb@washingtonpost.com,Female,598-607-6417,Suzuki,X-90,1996,56486.21,10
13,Ruttger,Hewes,rhewesc@reuters.com,Male,240-507-1595,Dodge,Durango,2009,82503.31,10
14,Lizzy,Boagey,lboageyd@unesco.org,Female,906-492-8101,Honda,Accord,2005,126378.93,40
15,Farand,Duffus,fduffuse@bloglovin.com,Female,246-353-9432,GMC,Envoy,2009,115374.99,10
16,Boonie,Di Pietro,,Male,227-146-4212,Land Rover,Range Rover,1998,47843.33,40
17,Dori,Maes,dmaesg@a8.net,Female,272-526-8470,Mazda,B-Series,1990,120866.48,30
18,Judi,Woffenden,jwoffendenh@tinyurl.com,Female,873-983-0248,Nissan,370Z,2009,40847.91,40
19,Orly,Maybery,omayberyi@jugem.jp,Female,582-245-8366,Ford,Courier,1986,64095.97,20
20,Ron,Bettenay,rbettenayj@uiuc.edu,Male,643-203-2188,Ford,ZX2,2002,149573.62,30
21,Elias,Tiesman,etiesmank@thetimes.co.uk,Male,544-198-4709,Dodge,Magnum,2007,78049.7,20
22,Estella,Bride,ebridel@youtu.be,Female,813-853-3646,Plymouth,Neon,2000,120121.8,20
23,Salmon,Atchly,satchlym@live.com,Male,121-508-9425,Toyota,Solara,1999,63325.46,10
24,Melantha,Delepine,mdelepinen@spotify.com,Female,340-500-4499,Jensen,Interceptor,1966,84373.95,30
25,Tansy,Falconbridge,tfalconbridgeo@xinhuanet.com,Female,736-587-7619,Saab,900,1996,106616.88,30
26,Lucilia,Leve,llevep@fotki.com,Female,845-400-4031,BMW,325,2005,147947.92,30
27,Caesar,Zaczek,czaczekq@samsung.com,Male,220-376-0273,Land Rover,Range Rover Evoque,2012,140907.65,10
28,Thedric,Doale,tdoaler@pagesperso-orange.fr,Male,866-809-6675,MG,MGB,1977,44051.92,20
29,Chicky,Bortolussi,cbortolussis@nps.gov,Female,551-341-8673,Buick,LeSabre,1990,55853.33,40
30,Alon,Lazarus,,Male,901-957-4725,BMW,Alpina B7,2007,73996.97,40
31,Elbert,Itzkov,eitzkovu@adobe.com,Male,648-662-5078,Ram,2500,2012,33893.58,40
32,Krishnah,Priden,kpridenv@so-net.ne.jp,Male,714-598-9362,Jeep,Wrangler,2010,97838.54,10
33,Kristin,Pedrozzi,kpedrozziw@vinaora.com,Female,221-130-8483,Toyota,Tercel,1997,68367.74,10
34,Fons,Tadgell,ftadgellx@imdb.com,Male,831-863-4734,Suzuki,XL-7,2002,88191.64,20
35,Rosy,Wulfinger,rwulfingery@ibm.com,Female,275-748-0919,Suzuki,Grand Vitara,2006,120425.55,40
36,Gaynor,Wolpert,gwolpertz@businessinsider.com,Female,559-440-5319,Infiniti,G25,2011,92877.51,30
37,Adlai,Matussevich,amatussevich10@booking.com,Male,614-517-2333,Chrysler,Town & Country,2000,112893.35,40
38,Blanch,Capron,bcapron11@myspace.com,Female,690-488-6805,Suzuki,Esteem,1995,25692.04,30
39,Sharlene,Gwilt,sgwilt12@networkadvertising.org,Female,894-915-0747,Mitsubishi,Lancer,2011,67715.37,10
40,Colene,Kelso,,Female,855-313-9093,Chevrolet,Monte Carlo,1999,109552.15,40
41,Wylie,Vasyushkhin,wvasyushkhin14@devhub.com,,,Hyundai,Veloster,2012,124248.8,10
42,Cordell,Shark,,Male,121-232-5889,Mercedes-Benz,E-Class,2010,64871.97,40
43,Cordell,Laxen,claxen16@bing.com,Male,385-128-3733,Mercedes-Benz,E-Class,1994,16471.79,30
44,Ibbie,Binnell,ibinnell17@ifeng.com,Female,939-530-6446,Chevrolet,Express 3500,2005,88864.63,20
45,Immanuel,Rushford,irushford18@chicagotribune.com,Male,732-930-9006,GMC,Envoy XL,2003,45685.11,30
46,Skipper,Hanton,shanton19@whitehouse.gov,Male,728-139-0007,Audi,A4,2006,8358.05,10
47,Daron,Steenson,dsteenson1a@umn.edu,Male,720-678-8484,Bentley,Continental,2008,80411.84,20
48,Penn,Jordine,pjordine1b@ask.com,Male,240-635-4945,Infiniti,QX,2010,74248.0,10
49,Aldric,Caress,acaress1c@time.com,Male,468-945-6849,Hyundai,Elantra,2007,138369.83,20
50,Lorry,Mingay,lmingay1d@cbc.ca,Female,448-666-1758,BMW,525,2004,75987.69,20
51,Gena,Rickword,grickword1e@studiopress.com,Female,698-841-6537,BMW,M5,2007,8832.64,40
52,Rossy,MacInnes,rmacinnes1f@springer.com,Male,271-394-9596,Volvo,S60,2006,126018.59,30
53,Gilemette,Brine,gbrine1g@theguardian.com,Female,351-843-6788,Buick,Electra,1985,140188.74,10
54,Glad,Tytterton,gtytterton1h@dropbox.com,Female,520-381-3323,Ford,Windstar,2001,9073.06,20
55,Sholom,Tallowin,stallowin1i@github.com,Male,489-778-3582,Lincoln,Town Car,2004,49693.32,10
56,Alden,Aubin,aaubin1j@nsw.gov.au,Male,987-184-6640,Dodge,Ram Wagon B250,1992,97594.51,20
57,Andrea,Pignon,apignon1k@theglobeandmail.com,Female,882-397-5243,Ford,F450,2011,65510.68,10
58,Cindee,Scotchbrook,cscotchbrook1l@reverbnation.com,Female,651-182-1995,Buick,Regal,1994,23989.45,30
59,Ruthann,Roder,rroder1m@bluehost.com,Female,435-515-7816,Pontiac,Firebird,1993,23247.27,20
60,Cynthea,Towell,ctowell1n@altervista.org,Female,588-532-9011,Ford,Windstar,1998,129067.49,40
61,Justinian,Causton,jcauston1o@cbc.ca,Male,520-581-1848,Ford,Expedition,2010,56709.34,20
62,Filmer,Andreotti,fandreotti1p@uiuc.edu,Male,877-504-9516,Buick,Skyhawk,1986,125510.1,10
63,Gallard,Winders,gwinders1q@taobao.com,Male,771-474-6610,Toyota,Prius v,2012,56557.98,10
64,Tyrus,Thacker,tthacker1r@techcrunch.com,Male,785-145-8289,Nissan,Altima,1998,42348.43,30
65,Gwendolen,Sherar,gsherar1s@woothemes.com,Female,335-889-8133,Nissan,Pathfinder,2000,19650.79,10
66,Salaidh,Arkin,sarkin1t@issuu.com,Female,344-436-1149,Chevrolet,Cavalier,2003,131528.01,10
67,Fields,Dax,fdax1u@amazon.co.uk,Male,958-275-5112,Chevrolet,Lumina APV,1993,110599.28,20
68,Lonnard,Putley,lputley1v@si.edu,Male,587-314-9929,Mercedes-Benz,E-Class,2012,87041.02,20
69,Roseann,Pheby,rpheby1w@va.gov,Female,895-946-8314,Chrysler,Concorde,2000,50554.36,30
70,Pincus,Paradyce,pparadyce1x@plala.or.jp,Male,741-712-7194,Suzuki,Esteem,2001,141012.56,10
71,Dev,Fritter,dfritter1y@whitehouse.gov,Male,367-775-9089,Mitsubishi,Montero,1992,129176.13,20
72,Felicio,Thornebarrow,,Male,141-258-6229,Ford,ZX2,2003,116071.73,30
73,Guenna,Del Castello,gdelcastello20@instagram.com,Female,129-608-4509,MINI,Countryman,2012,125216.44,40
74,Celestyn,Willson,cwillson21@vinaora.com,,,Chevrolet,Suburban 2500,1999,46966.19,40
75,Garrik,Dolton,gdolton22@globo.com,Male,685-772-6284,Chrysler,Town & Country,2008,38691.9,20
76,Nefen,McArdle,nmcardle23@sfgate.com,Male,316-626-2352,Jeep,Wrangler,1994,140625.51,20
77,Cullan,Alfonsetto,calfonsetto24@woothemes.com,Male,486-131-6374,Cadillac,Seville,1994,56144.81,10
78,Kingsly,Fair,kfair25@weibo.com,Male,724-987-5957,Ford,Tempo,1984,103396.64,30
79,Maxie,Kemmett,mkemmett26@opera.com,Male,910-173-5254,Lexus,LX,2011,100998.41,20
80,Feodor,Tanguy,ftanguy27@yellowpages.com,Male,375-580-3507,Ferrari,F430,2008,67095.31,30
81,Philippa,Irving,pirving28@phoca.cz,Female,585-196-2335,Porsche,911,2001,32918.75,30
82,Conrad,Lodevick,clodevick29@narod.ru,Male,311-334-2462,Eagle,Vision,1993,18131.94,30
83,Cosimo,Heinl,cheinl2a@e-recht24.de,Male,190-940-4220,Mercury,Grand Marquis,1989,73298.73,30
84,Lenette,Kohrsen,lkohrsen2b@yolasite.com,Female,225-744-1245,Isuzu,Hombre,2000,145692.3,20
85,Lorianna,Millis,,Female,564-520-7174,Ford,F150,2006,137437.77,20
86,Felicio,Caudrelier,fcaudrelier2d@furl.net,Male,282-388-4357,Chevrolet,Express 3500,2005,96214.38,10
87,Tamara,Garioch,tgarioch2e@prnewswire.com,Female,489-298-4213,Chevrolet,Corvette,1970,79836.65,10
88,Jewell,Wandtke,jwandtke2f@accuweather.com,Female,711-347-3030,Mercury,Sable,2005,52727.24,30
89,Corbin,Mattingly,cmattingly2g@businessinsider.com,,,Land Rover,Range Rover Evoque,2012,109909.3,10
90,Donni,Allcoat,dallcoat2h@jigsy.com,Female,542-703-7643,Ford,Laser,1989,51630.5,30
91,Chrissy,Jenckes,cjenckes2i@google.com.au,Male,580-600-7649,Chevrolet,2500,2000,94343.68,30
92,Dun,Bonnette,dbonnette2j@so-net.ne.jp,Male,539-893-5200,Subaru,Loyale,1992,145505.57,40
93,Tobye,McGaw,tmcgaw2k@simplemachines.org,Female,260-369-8788,Mitsubishi,Chariot,1992,28877.26,40
94,Deina,Hyland,dhyland2l@netlog.com,Female,898-972-9730,Mercedes-Benz,G-Class,2003,125756.52,10
95,Terry,Burns,tburns2m@accuweather.com,Female,493-735-6328,Hyundai,Tiburon,2007,46167.05,30
96,Dal,Christofle,dchristofle2n@phpbb.com,Male,125-920-5688,GMC,Sierra 3500,2003,128665.35,20
97,Dewitt,Shakshaft,dshakshaft2o@mozilla.com,Male,500-759-4895,Mazda,Familia,1988,100115.15,20
98,Hildagard,Swetland,hswetland2p@instagram.com,Female,377-511-4732,Dodge,Ram,2011,54465.36,40
99,Goraud,Moller,gmoller2q@delicious.com,Male,405-818-7111,Ford,Contour,1996,73234.37,10
100,Bernette,Varker,bvarker2r@ehow.com,Female,720-392-8681,Dodge,Monaco,1992,100156.66,20
101,Olvan,Renney,orenney2s@t-online.de,Male,207-376-0622,Oldsmobile,Regency,1997,30032.66,20
102,Bevvy,Haine,bhaine2t@last.fm,Female,776-887-3332,Buick,Century,1999,37376.79,30
103,Milissent,Brazier,mbrazier2u@tuttocitta.it,Female,809-115-1552,Cadillac,STS,2009,104026.48,30
104,Marlon,McGinnis,mmcginnis2v@springer.com,Male,887-173-4701,MINI,Cooper Countryman,2012,85319.74,10
105,Nester,Tilne,,Male,664-225-1282,BMW,745,2004,14969.77,40
106,Zelma,Michael,zmichael2x@addtoany.com,Female,732-876-4960,Toyota,Tacoma Xtra,2001,119962.22,10
107,Jud,Bowes,jbowes2y@example.com,Male,873-193-1375,Ferrari,599 GTB Fiorano,2010,76222.86,30
108,Marion,Lathbury,mlathbury2z@sitemeter.com,Female,744-205-1162,Chevrolet,S10,1993,7188.64,40
109,Klemens,Pennington,kpennington30@accuweather.com,Male,871-288-1439,Lincoln,Continental,1986,59345.05,10
110,Duffy,Riggeard,driggeard31@godaddy.com,Male,739-670-6417,Mitsubishi,Eclipse,1991,42716.51,20
111,Gardener,MacCurlye,gmaccurlye32@cpanel.net,,,Toyota,Corolla,2007,70013.86,20
112,Saudra,Langfield,slangfield33@china.com.cn,Female,789-909-7711,Porsche,911,2007,54575.86,40
113,Carilyn,Kesey,ckesey34@myspace.com,Female,842-277-4384,GMC,Suburban 2500,1999,116313.23,30
114,Arlen,Southern,asouthern35@springer.com,Female,646-944-2202,Lotus,Esprit,2000,89294.09,20
115,Levy,Furlong,lfurlong36@amazon.de,Male,121-577-4805,Chrysler,LHS,1999,60245.84,40
116,Ula,Covil,ucovil37@va.gov,Female,243-649-3757,Acura,Legend,1995,29800.07,20
117,Toby,Tearny,ttearny38@bbc.co.uk,Male,205-949-3168,GMC,Yukon XL 2500,2005,17661.38,30
118,Eugenius,Hefferan,ehefferan39@sbwire.com,Male,456-131-6183,Chrysler,Concorde,1998,147223.21,40
119,Stu,Pitcaithly,spitcaithly3a@vistaprint.com,Male,374-588-7959,Pontiac,Grand Prix,1967,75360.8,30
120,Krystyna,Gribble,kgribble3b@diigo.com,Female,746-146-4769,Subaru,Legacy,1995,133294.11,40
121,Ransom,Calbrathe,rcalbrathe3c@ft.com,Male,486-683-3012,Aston Martin,DB9,2005,15907.52,10
122,Mindy,Tuckley,mtuckley3d@house.gov,Female,552-805-9567,Honda,Passport,1995,122016.4,10
123,Justis,Treswell,jtreswell3e@cdbaby.com,Male,792-303-6185,Hyundai,Veloster,2012,107447.37,20
124,Granville,Ziemsen,gziemsen3f@japanpost.jp,Male,463-937-7776,Dodge,D250 Club,1993,147621.91,10
125,Flo,Klimochkin,fklimochkin3g@xinhuanet.com,Female,254-776-1563,Volvo,XC70,2007,78731.39,40
126,Wilfred,Goodacre,wgoodacre3h@privacy.gov.au,Male,514-625-8232,Fiat,Nuova 500,2012,22814.3,40
127,Randie,Reinisch,rreinisch3i@newyorker.com,Female,123-345-7282,GMC,Envoy,1998,84977.52,20
128,Heda,Pepon,hpepon3j@studiopress.com,Female,136-998-7584,Audi,A8,2008,34109.3,10
129,Aviva,Hamshaw,ahamshaw3k@buzzfeed.com,Female,206-292-7630,Honda,Element,2004,34838.49,20
130,Theo,Sturman,tsturman3l@sciencedaily.com,Male,205-918-9603,Chevrolet,Suburban 1500,1999,115464.03,30
131,Viviyan,Ivins,vivins3m@sphinn.com,Female,322-540-6073,Dodge,Ram 2500,1994,129677.58,40
132,Barth,Dowry,bdowry3n@nationalgeographic.com,Male,395-565-4622,Maserati,Gran Sport,2005,37202.85,40
133,Ewan,Sustin,esustin3o@eepurl.com,Male,795-835-6747,Lexus,SC,1999,88818.47,40
134,Jake,Bloodworth,jbloodworth3p@princeton.edu,Male,607-375-8218,Chevrolet,Monte Carlo,1998,84759.39,40
135,Powell,Challenor,pchallenor3q@storify.com,Male,194-970-1133,Chevrolet,Malibu,2010,13164.77,10
136,Carlita,Haverson,chaverson3r@dropbox.com,Female,107-156-1095,Jaguar,S-Type,2007,39762.42,30
137,Benedikt,Mattke,bmattke3s@miibeian.gov.cn,Male,394-666-1210,Jeep,Cherokee,2001,110340.14,20
138,Stefania,Sinnie,ssinnie3t@amazonaws.com,Female,262-455-6353,Ford,Crown Victoria,2002,142869.8,30
139,Maegan,Dumphy,mdumphy3u@ehow.com,Female,828-740-0518,Honda,Prelude,1993,123077.13,40
140,Yvette,Rollinshaw,yrollinshaw3v@census.gov,Female,283-222-2217,Ford,Escort,1999,71930.46,10
141,Grove,Gatehouse,ggatehouse3w@bluehost.com,Male,350-608-9589,Plymouth,Neon,1998,89373.11,20
142,Mariam,Nicklinson,mnicklinson3x@twitter.com,Female,983-656-2179,Lexus,LS,1999,59829.87,30
143,Torrie,Antoons,,Female,891-711-5344,Toyota,Tundra,2004,16284.27,40
144,Berkly,Pfeiffer,bpfeiffer3z@amazonaws.com,Male,529-330-1901,Chevrolet,Corvette,1955,116826.92,10
145,Mikey,Probets,mprobets40@infoseek.co.jp,Male,331-687-3743,Ford,F350,2008,94763.29,30
146,Mattie,Fuxman,mfuxman41@ed.gov,Male,581-527-6532,Ford,Explorer,2001,148947.98,40
147,Courtnay,Meanwell,cmeanwell42@typepad.com,Male,522-866-3593,Cadillac,DeVille,2003,75130.97,30
148,Ondrea,Neve,oneve43@cdc.gov,Female,550-456-1213,GMC,Sierra 2500,2009,131049.13,30
149,Matt,Rhys,mrhys44@ycombinator.com,Male,714-383-0513,Chevrolet,Lumina APV,1993,6749.05,30
150,Yard,Fetteplace,yfetteplace45@indiatimes.com,Male,858-260-4103,Chevrolet,Express 2500,1998,86115.34,20
151,Eadith,Roddan,eroddan46@studiopress.com,Female,323-432-8031,Mercury,Monterey,2007,85541.12,10
152,Libbey,Wackley,lwackley47@google.it,Female,794-903-6058,Plymouth,Voyager,1997,105510.95,10
153,Pearline,Isenor,pisenor48@miitbeian.gov.cn,Female,922-999-5328,Lexus,LS,2011,54543.41,20
154,Carolan,Sturridge,csturridge49@engadget.com,Female,271-218-8172,Buick,Riviera,1988,77083.5,30
155,Donaugh,Denning,ddenning4a@yandex.ru,Male,805-771-4626,Chrysler,LeBaron,1995,89835.55,30
156,Kinsley,Vondrach,kvondrach4b@nsw.gov.au,Male,163-375-1180,Mercedes-Benz,C-Class,2003,114911.34,10
157,Link,Tie,ltie4c@walmart.com,Male,594-194-0006,Cadillac,STS,2011,93166.92,10
158,Jemie,Filler,jfiller4d@japanpost.jp,Female,323-738-6938,Buick,Rendezvous,2005,22992.53,20
159,Felipa,Emmer,femmer4e@mlb.com,Female,811-793-7741,Chevrolet,S10 Blazer,1992,40531.98,40
160,Ashly,Foxon,afoxon4f@angelfire.com,Female,831-911-5024,Honda,Passport,2000,88473.97,10
161,Stinky,Dienes,sdienes4g@biglobe.ne.jp,Male,304-257-2307,Mercury,Villager,2002,45735.77,30
162,Verina,Carlon,vcarlon4h@google.co.jp,Female,372-363-4402,Dodge,Viper,1993,24433.73,20
163,Rollin,Sloyan,rsloyan4i@theguardian.com,Male,446-629-7942,Chrysler,Aspen,2009,82193.91,10
164,Elberta,Challenor,echallenor4j@jugem.jp,Female,430-946-9970,Nissan,280ZX,1979,33288.49,20
165,Karissa,McGuggy,kmcguggy4k@fastcompany.com,Female,881-650-7619,GMC,Savana,2010,19557.26,30
166,Bourke,Benediktsson,bbenediktsson4l@printfriendly.com,Male,225-252-3703,Chevrolet,3500,2000,110370.36,40
167,Francis,Genese,fgenese4m@senate.gov,Male,171-938-0929,Jeep,Commander,2007,22242.34,40
168,Evangeline,Bichard,ebichard4n@oracle.com,Female,374-138-5704,Audi,Q5,2010,15789.56,10
169,Adrianna,Feldklein,afeldklein4o@java.com,Female,851-512-6730,Volvo,C30,2010,134659.58,30
170,Colene,Stubbington,cstubbington4p@angelfire.com,Female,442-993-2438,Hyundai,Azera,2008,38559.34,10
171,Zoe,Wedlock,zwedlock4q@reddit.com,Female,670-790-2296,Dodge,Ram 2500,2006,47801.66,30
172,Cathie,Markus,cmarkus4r@sitemeter.com,Female,312-698-9037,Lincoln,Continental,2000,8247.5,30
173,Stanwood,Kennaway,skennaway4s@constantcontact.com,Male,124-912-3755,Ford,Tempo,1992,91845.23,40
174,Babbie,Brownsey,bbrownsey4t@elegantthemes.com,Female,677-632-5296,Cadillac,Escalade,2006,115921.88,30
175,Lexis,Abelson,labelson4u@scientificamerican.com,Female,835-800-9368,Mazda,RX-7,1987,32622.48,20
176,Hunfredo,Spadoni,hspadoni4v@shutterfly.com,Male,765-959-9698,Chevrolet,Impala,2002,141089.59,30
177,Nariko,Strevens,nstrevens4w@businessweek.com,Female,352-193-4251,Suzuki,Swift,1998,28897.47,30
178,Ricky,Tregoning,rtregoning4x@simplemachines.org,Male,959-257-8571,Maserati,Quattroporte,1984,56254.19,30
179,Isidro,Doyle,idoyle4y@foxnews.com,Male,717-670-4146,Ford,Escort,1997,76211.62,20
180,Borden,Mauditt,bmauditt4z@ycombinator.com,Male,835-388-7248,Kia,Rio,2012,69259.91,10
181,Pearce,Wemes,pwemes50@pinterest.com,Male,930-584-5983,Chrysler,300M,2000,96019.58,40
182,Adelina,Kinglesyd,akinglesyd51@wix.com,Female,373-858-7320,Bentley,Continental GT,2007,96482.16,30
183,Clemence,Dugue,cdugue52@unc.edu,Female,414-551-1767,Toyota,Corolla,1997,47089.84,20
184,Portie,Holbie,pholbie53@creativecommons.org,Male,525-987-0341,Nissan,Altima,2011,14045.18,40
185,Fredric,Bloxland,fbloxland54@cnbc.com,Male,395-170-0330,Toyota,4Runner,2003,12312.8,10
186,Nichol,De Mitris,ndemitris55@weebly.com,Female,786-486-8493,Dodge,Ram 1500 Club,1997,87644.27,20
187,Olin,Barhims,obarhims56@shinystat.com,Male,392-838-5563,Ford,Mustang,2005,76507.26,30
188,Wright,Payfoot,wpayfoot57@fotki.com,Male,743-946-8320,Dodge,Dakota,1993,42236.53,40
189,Brandtr,Cashley,bcashley58@arizona.edu,Male,737-569-5504,Volvo,S40,2010,27811.37,40
190,Vickie,Chanter,vchanter59@cam.ac.uk,Female,455-184-0653,Mitsubishi,Precis,1993,18375.6,30
191,Win,Sor,wsor5a@oaic.gov.au,Male,676-968-6917,Subaru,SVX,1992,38837.58,30
192,Kirsten,Probbings,kprobbings5b@mail.ru,Female,941-908-9324,Ford,Focus,2004,104829.75,40
193,Roxie,Pullan,rpullan5c@auda.org.au,Female,957-850-4533,Saturn,Ion,2006,30991.42,20
194,Suzette,Bream,sbream5d@ning.com,Female,450-520-8060,Mitsubishi,Chariot,1988,106317.3,40
195,April,Inold,ainold5e@merriam-webster.com,Female,518-548-9555,Audi,5000S,1986,48288.67,30
196,Zachariah,Agostini,zagostini5f@godaddy.com,Male,961-643-3086,Nissan,Cube,2012,73163.25,20
197,Gus,Dofty,gdofty5g@google.com.br,Male,462-458-7357,Dodge,Charger,2011,76667.98,10
198,Keeley,Phinn,kphinn5h@dropbox.com,Female,463-249-0788,Dodge,Ram 1500 Club,1999,7205.08,10
199,Catlin,Fitzpayn,cfitzpayn5i@dot.gov,,,Jeep,Liberty,2012,52847.7,10
200,Jessie,Toohey,jtoohey5j@hhs.gov,Male,968-892-5749,Volkswagen,GLI,2009,85069.47,40
201,Craggy,Ankers,cankers5k@nature.com,Male,992-666-7813,Cadillac,Seville,2001,88363.15,30
202,Valentijn,Hurt,vhurt5l@list-manage.com,Male,158-410-5506,Mercedes-Benz,G-Class,2006,105208.93,30
203,Alane,Gheorghie,agheorghie5m@surveymonkey.com,Female,262-177-2724,BMW,Z4,2005,40180.41,20
204,Lorrie,Sandom,lsandom5n@blogtalkradio.com,Female,291-200-4002,Chevrolet,Impala,2002,42283.03,10
205,Osmund,Tallyn,otallyn5o@netvibes.com,Male,866-228-6046,Bugatti,Veyron,2011,141429.14,40
206,Concordia,Van Hove,cvanhove5p@squarespace.com,Female,818-520-6472,Ford,Escape,2001,143463.6,30
207,Mandel,Watterson,mwatterson5q@vistaprint.com,Male,595-931-4284,Chevrolet,Caprice,1983,11930.91,30
208,Beau,Hallet,bhallet5r@friendfeed.com,Male,891-383-3320,Mazda,Navajo,1991,34358.64,30
209,Cybil,Broinlich,cbroinlich5s@joomla.org,Female,596-428-2988,Volkswagen,Touareg 2,2008,78577.34,40
210,Corabella,Phelipeau,cphelipeau5t@pcworld.com,Female,921-707-5119,Ford,Edge,2010,106513.69,30
211,Peta,Rain,prain5u@edublogs.org,Female,255-796-8905,Dodge,Ram 1500,2008,41117.02,20
212,Sayer,Fosken,sfosken5v@google.it,Male,605-110-5977,BMW,Z4 M,2009,31181.65,10
213,Christina,Paddefield,cpaddefield5w@telegraph.co.uk,Female,443-308-7510,Nissan,Leaf,2011,140809.34,20
214,Arman,Habbeshaw,ahabbeshaw5x@github.io,Male,518-455-7825,Chevrolet,G-Series G20,1995,137578.38,20
215,Arther,Leathem,aleathem5y@wiley.com,Male,115-101-9103,Oldsmobile,Silhouette,1992,139308.95,30
216,Sibley,Williment,swilliment5z@etsy.com,Female,501-425-6253,GMC,1500 Club Coupe,1992,145649.61,20
217,Currie,Syratt,csyratt60@last.fm,Male,829-845-5101,Land Rover,Range Rover,2010,9124.78,40
218,Elston,Andover,eandover61@elegantthemes.com,Male,444-908-9273,Dodge,Charger,1969,7295.82,10
219,Marillin,Frier,mfrier62@deviantart.com,Female,160-149-1582,Jeep,Wrangler,1994,139255.03,40
220,Derby,Nutton,dnutton63@weibo.com,Male,423-341-2098,Infiniti,QX,2000,149012.6,30
221,Wash,Kittow,wkittow64@netvibes.com,Male,862-644-8985,Pontiac,Grand Prix,2001,87324.48,30
222,Amil,Radish,aradish65@youtu.be,Female,205-605-2441,Land Rover,Discovery,2003,53071.12,30
223,Camey,Ruoss,cruoss66@biblegateway.com,Male,883-601-4259,Volkswagen,Scirocco,1986,21812.22,20
224,Timotheus,Strowger,tstrowger67@techcrunch.com,Male,320-789-7062,Cadillac,DTS,2007,83780.24,10
225,Sigismundo,Fielder,sfielder68@phoca.cz,Male,478-215-3990,Mercedes-Benz,CL-Class,2006,99804.07,10
226,Corinne,Duffitt,cduffitt69@sogou.com,Female,249-810-5310,Isuzu,Amigo,1994,7770.07,40
227,Rurik,Card,rcard6a@google.de,Male,363-102-5059,Chevrolet,Avalanche 2500,2005,65611.56,20
228,Kellyann,Gheeorghie,kgheeorghie6b@tuttocitta.it,Female,708-861-5004,Eagle,Vision,1994,141526.46,40
229,Ransom,Steptowe,rsteptowe6c@moonfruit.com,,,Dodge,Ram 3500,2008,74323.8,10
230,Pierre,Osman,posman6d@berkeley.edu,Male,846-656-0680,Kia,Spectra,2001,21506.56,40
231,Roslyn,Keeler,rkeeler6e@naver.com,Female,214-434-1207,Toyota,Land Cruiser,2010,32309.97,30
232,Alexei,Llorente,allorente6f@discovery.com,Male,995-871-2200,Buick,Rainier,2006,144827.69,30
233,Kristen,Yakobovicz,kyakobovicz6g@vinaora.com,Female,893-879-8559,Audi,S8,2003,10399.63,10
234,Marina,des Remedios,mdesremedios6h@google.ca,Female,828-784-6569,Volkswagen,Passat,2001,45657.74,40
235,Tamra,Blundel,tblundel6i@jigsy.com,Female,951-790-2550,Toyota,Corolla,2006,105599.77,40
236,Gabriellia,Daybell,gdaybell6j@spotify.com,Female,455-614-7683,Suzuki,SX4,2010,142850.46,30
237,Al,Adamsen,aadamsen6k@jiathis.com,Male,213-824-0554,Porsche,911,2002,6654.46,20
238,Terrell,Bootherstone,tbootherstone6l@yellowpages.com,Male,600-712-7637,Mitsubishi,Eclipse,2012,52970.16,40
239,Kelci,Francesconi,kfrancesconi6m@shop-pro.jp,Female,273-711-7709,Dodge,Caravan,1996,38915.14,10
240,Krystal,Mary,kmary6n@tripadvisor.com,Female,302-356-6002,Ford,Laser,1984,35190.4,20
241,Berne,Divall,bdivall6o@tuttocitta.it,Male,221-112-4766,Acura,RL,2007,149566.81,30
242,Barbette,Leggitt,bleggitt6p@cnbc.com,Female,623-432-0581,Chevrolet,Tahoe,2008,32877.02,40
243,Zebulon,Rosenbusch,zrosenbusch6q@ebay.com,Male,667-685-0189,Eagle,Premier,1992,79737.84,30
244,Ilsa,Currington,icurrington6r@baidu.com,Female,975-280-4025,Oldsmobile,Silhouette,1993,106173.63,20
245,Nicki,Capun,ncapun6s@army.mil,Female,882-118-2178,Ford,F150,2012,115780.25,30
246,Ola,Gait,ogait6t@tamu.edu,Female,166-853-8629,Chevrolet,Corvette,2008,78819.49,30
247,Rice,Moring,rmoring6u@state.gov,Male,156-534-1370,BMW,6 Series,2010,139721.12,40
248,Lemmie,Cooch,lcooch6v@nationalgeographic.com,Male,283-843-7885,Ford,F-Series,1987,130570.77,20
249,Farah,Yea,fyea6w@angelfire.com,Female,995-616-5283,Pontiac,Firefly,1988,133916.34,30
250,Karine,Berendsen,kberendsen6x@mit.edu,Female,173-896-8393,Buick,Rendezvous,2006,94376.0,30
251,Cornie,Shakelade,cshakelade6y@bbc.co.uk,Female,615-873-2393,Jaguar,XK Series,1998,123323.76,30
252,Vince,McIndrew,vmcindrew6z@devhub.com,Male,595-882-0378,Mercedes-Benz,W201,1984,38547.23,10
253,Tammy,Ramshaw,tramshaw70@youtu.be,Male,369-332-8948,Mercedes-Benz,400E,1993,50474.51,30
254,Rourke,de Marco,rdemarco71@tripod.com,Male,858-620-5017,Land Rover,Discovery,2003,83464.78,20
255,Talbot,Joincey,tjoincey72@yandex.ru,Male,280-241-6176,Maybach,57,2005,46056.92,40
256,Shelagh,Asson,sasson73@abc.net.au,Female,907-130-6713,Lexus,HS,2012,118014.54,40
257,Reube,Hagstone,rhagstone74@nytimes.com,Male,601-905-6439,Toyota,Highlander,2006,100870.15,40
258,Trisha,Serfati,tserfati75@businesswire.com,Female,258-462-7100,Mercedes-Benz,Sprinter 3500,2011,89790.25,20
259,Jake,Ravelus,jravelus76@diigo.com,Male,353-978-1824,Buick,Estate,1989,62591.99,40
260,Kynthia,Rae,krae77@scientificamerican.com,Female,339-155-1503,Volkswagen,Beetle,1967,91855.14,10
261,Keven,Dyne,kdyne78@hexun.com,Male,211-471-6935,Ford,Transit Connect,2012,116131.36,40
262,Carla,Ashall,cashall79@reference.com,Female,923-654-1453,Honda,Civic,2010,112144.35,40
263,Christos,Cominotti,ccominotti7a@histats.com,Male,912-257-2245,Ford,E250,2007,22477.05,10
264,Tracie,Snoding,tsnoding7b@dedecms.com,Female,287-339-8623,Bentley,Continental GTC,2010,7106.52,30
265,Lindsey,Muris,lmuris7c@salon.com,Female,128-806-5336,Volkswagen,Cabriolet,1999,12632.76,10
266,Horst,Becke,hbecke7d@bigcartel.com,Male,522-166-6709,Nissan,350Z Roadster,2006,8167.33,40
267,Redd,Priditt,rpriditt7e@ftc.gov,Male,751-326-2754,Saturn,VUE,2010,9571.13,30
268,Adena,Tuerena,atuerena7f@blinklist.com,Female,432-344-2799,Infiniti,IPL G,2011,146627.61,40
269,Meridith,Duffet,mduffet7g@sogou.com,Female,654-528-0970,GMC,Safari,1998,132511.46,40
270,Evan,Jervis,ejervis7h@yelp.com,Male,646-247-6594,Nissan,Frontier,2010,11052.4,40
271,Nerta,Bensley,nbensley7i@squarespace.com,Female,113-872-7464,Lotus,Elise,2007,95720.57,10
272,Gilemette,Scandroot,gscandroot7j@mapy.cz,Female,284-719-6886,Ram,2500,2011,87182.14,40
273,Lila,Searston,lsearston7k@aboutads.info,Female,748-132-0073,Porsche,911,2000,91581.16,10
274,Daniel,Bruhn,dbruhn7l@google.com.br,Male,220-435-9071,Acura,TSX,2006,52758.13,10
275,Terencio,Restorick,trestorick7m@homestead.com,Male,906-275-2484,Mitsubishi,Galant,1989,58082.87,20
276,Waiter,Francescone,,Male,303-423-2505,Honda,Prelude,1996,90518.89,40
277,Winonah,Savill,wsavill7o@hexun.com,Female,469-780-7760,Chevrolet,Lumina,1995,140600.46,30
278,Wolfy,Fendley,wfendley7p@washington.edu,Male,236-876-2748,Dodge,Ram Wagon B250,1994,72162.13,20
279,Baily,Kennaird,bkennaird7q@sphinn.com,Male,367-650-7571,Pontiac,GTO,1966,144535.75,30
280,Huberto,Cumo,hcumo7r@cornell.edu,Male,406-540-3028,Lincoln,Continental,2001,35045.11,10
281,Amaleta,McGloughlin,amcgloughlin7s@timesonline.co.uk,Female,741-704-9392,Ford,Edge,2011,90326.54,20
282,Glynis,Paten,gpaten7t@engadget.com,Female,196-890-2024,GMC,Yukon,2001,92984.74,30
283,Luce,Bradnocke,lbradnocke7u@digg.com,Male,257-585-1704,Lincoln,Continental,1994,101921.31,30
284,Gearalt,Culbert,gculbert7v@earthlink.net,Male,461-593-5487,Audi,A5,2009,101899.02,20
285,Stanislaw,Farnell,sfarnell7w@cbc.ca,Male,734-890-2425,Volvo,S60,2005,93664.36,10
286,Maury,MacIlory,mmacilory7x@nature.com,Male,811-490-9385,Lexus,GX,2011,68298.06,40
287,Albertine,Neachell,aneachell7y@bandcamp.com,Female,456-266-9268,Toyota,Avalon,2007,68728.66,10
288,Barbra,Duigan,bduigan7z@nba.com,Female,676-218-1831,Mazda,Mazda3,2004,63882.39,10
289,Heda,Marcam,hmarcam80@arstechnica.com,Female,895-716-4055,Mazda,Tribute,2003,31392.84,10
290,Katie,Pudney,kpudney81@studiopress.com,Female,976-960-4950,Toyota,Xtra,1995,7982.98,20
291,Randie,Scrimshaw,rscrimshaw82@businessweek.com,,,Lotus,Esprit,1998,94950.19,20
292,Shannah,O'Crigan,socrigan83@upenn.edu,Female,768-735-0325,Mercedes-Benz,GL-Class,2011,6696.66,20
293,Bobby,De Laci,bdelaci84@altervista.org,Female,666-987-4117,Ford,Econoline E350,2002,19490.53,10
294,Winona,Barock,,Female,926-371-8917,Acura,TSX,2007,52435.05,20
295,Berk,Tendahl,btendahl86@ox.ac.uk,Male,626-237-8670,Dodge,Ram 1500,2010,42894.58,30
296,Nataline,Farlow,nfarlow87@t.co,Female,979-600-7471,Nissan,Pathfinder,2007,129297.34,40
297,Ramsay,Lathaye,rlathaye88@example.com,Male,245-502-6558,Nissan,Rogue,2012,13283.83,10
298,Ronnica,Harvie,rharvie89@cocolog-nifty.com,Female,323-941-0412,Toyota,Solara,2001,10794.91,10
299,Richard,Canet,rcanet8a@google.com,Male,732-560-8205,Lexus,ES,2005,116610.35,40
300,Katuscha,Afonso,kafonso8b@netvibes.com,Female,439-157-3135,Mitsubishi,Diamante,2001,121145.45,30
301,Melva,Sodor,msodor8c@cmu.edu,Female,173-781-4176,Ford,LTD Crown Victoria,1989,48219.19,10
302,Zoe,Jansa,zjansa8d@dot.gov,Female,877-478-6069,Smart,Fortwo,2009,113354.23,10
303,Eldon,Dericot,edericot8e@jimdo.com,Male,808-262-1928,Mercury,Capri,1986,11255.03,10
304,Blanch,Jeacop,bjeacop8f@umich.edu,Female,665-330-8047,Mitsubishi,Pajero,1994,10087.29,10
305,Harlen,Etheridge,hetheridge8g@360.cn,Male,793-860-9621,Ford,F250,2011,134409.72,30
306,Joann,Butters,jbutters8h@fastcompany.com,Female,317-126-2553,Pontiac,Grand Prix,1986,25541.43,20
307,Leicester,Kerswell,lkerswell8i@hugedomains.com,Male,637-858-7444,Cadillac,DeVille,1995,91531.16,20
308,Cheston,Dillaway,cdillaway8j@time.com,Male,463-798-2573,Ford,Ranger,1999,138645.22,30
309,Barton,Thrussell,bthrussell8k@github.io,Male,558-199-9867,Toyota,Sienna,2010,17180.17,10
310,Rowe,Grindle,rgrindle8l@yandex.ru,Female,700-556-2345,Ford,F250,2008,78082.06,30
311,Rriocard,De Clairmont,rdeclairmont8m@ihg.com,Male,681-647-5424,Volvo,940,1994,145671.04,10
312,Jacob,Cracoe,jcracoe8n@statcounter.com,Male,652-384-3183,Hyundai,Sonata,2012,123259.09,20
313,Gus,McRobert,gmcrobert8o@desdev.cn,Female,214-673-2524,Toyota,FJ Cruiser,2007,86646.47,40
314,Chloe,Woodson,cwoodson8p@who.int,Female,917-385-3374,Nissan,Murano,2004,107225.66,30
315,Puff,MacPaden,pmacpaden8q@pcworld.com,Male,572-450-1409,Dodge,Intrepid,1993,61958.94,10
316,Aldous,Torn,atorn8r@mac.com,Male,315-181-9301,Ford,E150,2004,99373.03,20
317,Halley,Ewbanck,hewbanck8s@barnesandnoble.com,Female,620-475-7115,Toyota,FJ Cruiser,2011,30570.05,30
318,Janeta,Elcoux,jelcoux8t@ft.com,Female,932-707-6350,Dodge,Neon,2000,7265.61,20
319,Kristos,Stopford,kstopford8u@sina.com.cn,Male,968-569-0835,Ford,F-Series,2010,64684.73,30
320,Pat,Rewbottom,prewbottom8v@oakley.com,Female,862-703-8260,Chevrolet,Suburban 2500,2006,116114.63,30
321,Hussein,Pero,hpero8w@godaddy.com,Male,789-721-0121,Kia,Mohave/Borrego,2009,127312.24,40
322,Marmaduke,Fache,mfache8x@linkedin.com,Male,659-151-1723,Toyota,Tercel,1996,30026.99,40
323,Hazel,Mander,hmander8y@answers.com,Male,915-571-7360,Ford,Ranger,1990,21759.07,20
324,Jaquith,Strother,jstrother8z@hc360.com,Female,286-991-5691,Ford,Freestyle,2007,57836.68,20
325,Nanni,Guitel,nguitel90@altervista.org,Female,325-146-8759,Mitsubishi,Montero Sport,2004,21852.61,30
326,Geoffrey,Bagehot,gbagehot91@google.it,Male,657-948-6033,Chevrolet,Astro,2005,69010.69,30
327,Franni,Wysome,,Female,106-908-2866,BMW,3 Series,2008,59320.78,20
328,Chrissie,Brunskill,cbrunskill93@tumblr.com,Male,801-262-5531,Subaru,Legacy,2007,63993.85,30
329,Obed,Cafferty,ocafferty94@wiley.com,,,Nissan,Xterra,2007,43592.37,10
330,Francene,Dalyell,fdalyell95@sakura.ne.jp,Female,355-641-1671,Ford,F150,2012,58985.03,40
331,Brad,Blunn,bblunn96@sakura.ne.jp,Male,164-141-5844,GMC,Yukon Denali,2006,139171.66,10
332,Scottie,Chisman,schisman97@fotki.com,Male,283-830-1041,Mazda,B-Series Plus,2004,30200.86,30
333,Clayton,Rymour,crymour98@webmd.com,Male,655-190-3989,Infiniti,G,2004,14954.92,30
334,Colver,Bittlestone,cbittlestone99@wikispaces.com,Male,264-863-2389,Mercedes-Benz,M-Class,2007,88839.65,20
335,Mannie,McMurraya,mmcmurraya9a@naver.com,Male,254-353-8170,Kia,Soul,2010,5390.94,30
336,Biddie,Nason,bnason9b@nbcnews.com,Female,402-186-4647,Land Rover,Range Rover,2008,89708.42,20
337,Kristoforo,Hendriks,khendriks9c@rediff.com,Male,848-915-7059,Nissan,NX,1992,136083.23,20
338,Eugenie,Marlor,emarlor9d@hc360.com,Female,419-687-3139,BMW,330,2006,111865.65,30
339,Bonnibelle,Roalfe,broalfe9e@alexa.com,Female,689-209-3952,Volkswagen,Quantum,1984,90447.35,20
340,Gabrielle,Delgado,gdelgado9f@ox.ac.uk,Female,940-884-3167,Ford,Expedition,2004,130224.55,30
341,Pamella,Firk,pfirk9g@linkedin.com,Female,454-225-7241,Nissan,Frontier,2010,93823.96,30
342,Culley,Calderwood,ccalderwood9h@sohu.com,Male,908-342-1328,Pontiac,Firefly,1989,88748.08,40
343,Honey,Eagland,heagland9i@yolasite.com,Female,776-885-3409,Dodge,Ram 3500,2010,65464.05,40
344,Nicolai,Reyburn,nreyburn9j@harvard.edu,Male,588-232-1861,GMC,Jimmy,1999,92667.54,40
345,Virge,Grealey,vgrealey9k@squarespace.com,Male,805-329-7804,Dodge,Caravan,1994,124918.77,10
346,Egbert,McGrath,emcgrath9l@uol.com.br,Male,996-225-3942,Lexus,GS,2002,46134.37,10
347,Wade,Lademann,wlademann9m@mtv.com,Male,340-551-5049,BMW,7 Series,1998,64013.71,10
348,Chantalle,Radbourn,cradbourn9n@typepad.com,Female,693-209-9684,Honda,CR-V,2011,109408.51,30
349,Carny,Silverman,csilverman9o@bing.com,Male,555-182-8328,Volvo,S60,2007,119082.9,40
350,Janek,Poveleye,,Male,844-293-3246,Buick,Reatta,1991,47720.1,10
351,Sebastien,Chillingworth,schillingworth9q@tiny.cc,Male,942-269-3721,Land Rover,Range Rover Evoque,2012,9276.09,40
352,Rosalinde,Manueli,rmanueli9r@npr.org,Female,177-577-1018,Saturn,S-Series,2002,65311.37,40
353,Chariot,Mochan,cmochan9s@domainmarket.com,Male,813-282-6312,Toyota,Sequoia,2004,87813.44,20
354,Archambault,Scriver,ascriver9t@ehow.com,Male,721-563-2801,Suzuki,Verona,2004,109314.65,20
355,Fredrika,Coxhell,fcoxhell9u@photobucket.com,Female,627-719-8458,Lexus,LX,1996,57629.06,10
356,Josefina,MacConneely,jmacconneely9v@rediff.com,Female,375-464-6140,Chevrolet,Corvette,1987,99239.48,40
357,Delmor,Roycroft,droycroft9w@booking.com,Male,466-396-0008,Acura,Legend,1994,39089.23,40
358,Brigid,Challens,bchallens9x@cmu.edu,Female,989-887-4312,Chevrolet,2500,1999,12046.18,10
359,Hanan,Burle,hburle9y@cnn.com,Male,741-183-8107,Mitsubishi,Endeavor,2008,34921.42,10
360,Derk,Hunnybun,dhunnybun9z@jiathis.com,Male,198-899-8252,Mitsubishi,Mirage,1990,143974.62,10
361,Selina,Sammon,ssammona0@cocolog-nifty.com,,,Lincoln,Town Car,2009,48230.11,30
362,Terrie,Shelley,tshelleya1@taobao.com,Female,154-741-7444,Hummer,H1,1997,148402.62,20
363,Anneliese,MacGorman,,Female,398-410-6682,Bentley,Arnage,2009,100839.33,30
364,Fulvia,Mariet,fmarieta3@barnesandnoble.com,Female,471-496-8957,Toyota,Solara,2007,7234.16,20
365,Tamqrah,Cardozo,tcardozoa4@about.me,Female,893-420-6099,Volkswagen,Scirocco,1985,63933.94,30
366,Ade,Bruster,abrustera5@ovh.net,Male,662-413-0285,Mitsubishi,Tredia,1988,53369.53,20
367,Manolo,Bauckham,mbauckhama6@ed.gov,Male,532-699-1711,Bentley,Continental Flying Spur,2006,145201.28,20
368,Thalia,Dunmore,tdunmorea7@gnu.org,Female,902-160-6078,BMW,X6,2013,144583.52,40
369,Selia,Stelfox,sstelfoxa8@vkontakte.ru,Female,395-756-5426,Jeep,Liberty,2012,141108.68,20
370,Rutger,Everist,reverista9@nydailynews.com,Male,637-205-1796,Volkswagen,Golf,1984,65459.15,40
371,Maribeth,MacParland,mmacparlandaa@printfriendly.com,Female,686-208-7611,Lexus,IS-F,2009,141656.45,20
372,Shelba,Trappe,strappeab@harvard.edu,Female,461-771-0685,Mitsubishi,Starion,1987,32580.31,10
373,Meredith,Wahncke,mwahnckeac@zimbio.com,Female,675-595-7464,Volkswagen,CC,2009,51946.46,40
374,Vinny,Coggeshall,,Male,202-997-9636,Mitsubishi,Outlander,2004,85720.68,40
375,Adlai,Heiden,aheidenae@shinystat.com,Male,466-208-1356,Volvo,XC90,2003,98161.49,40
376,Meredith,Rockwell,mrockwellaf@issuu.com,Female,910-254-5106,Nissan,Maxima,1992,118692.3,10
377,Janifer,Craighill,jcraighillag@plala.or.jp,Female,560-239-0855,Porsche,968,1992,114145.1,10
378,Sarene,Radborne,sradborneah@europa.eu,Female,203-299-9716,Acura,RL,2003,123825.7,40
379,Mayer,Rabbage,,Male,739-673-8916,Ford,Explorer,1992,38273.78,30
380,Cull,Jarville,cjarvilleaj@virginia.edu,Male,640-492-4843,Mercedes-Benz,S-Class,1993,104278.69,20
381,Flint,Luck,fluckak@businessweek.com,Male,419-939-1018,Ford,Explorer Sport Trac,2004,24148.95,10
382,Crichton,Iddens,ciddensal@blinklist.com,Male,635-861-2540,Chevrolet,Express 3500,2008,83426.14,20
383,Etienne,Midden,emiddenam@wikispaces.com,Male,984-674-2652,Ram,2500,2011,92596.2,30
384,Dom,Klas,dklasan@4shared.com,Male,353-999-6728,Lincoln,Town Car,2005,13906.55,30
385,Rabbi,Sondland,rsondlandao@senate.gov,Male,259-880-9381,Nissan,Murano,2006,82791.88,40
386,Florella,Boseley,fboseleyap@spotify.com,Female,262-855-2048,Honda,Pilot,2009,10611.69,40
387,Cornela,Riddick,criddickaq@rakuten.co.jp,Female,558-532-1233,GMC,Sonoma Club Coupe,1995,108838.56,30
388,Chadd,Ciobutaro,cciobutaroar@bbc.co.uk,Male,478-185-8417,Ford,E250,2009,145570.12,30
389,Jude,Ashenhurst,jashenhurstas@ca.gov,Male,772-166-0739,Mercedes-Benz,CLK-Class,2003,127755.13,10
390,Mickie,Ivakin,mivakinat@feedburner.com,Male,141-939-6909,Oldsmobile,Achieva,1997,55414.63,30
391,Tricia,Bushrod,tbushrodau@psu.edu,,,Kia,Forte,2010,130894.77,40
392,Otto,Cambling,ocamblingav@g.co,Male,171-674-8050,Buick,LeSabre,1985,139255.56,40
393,Jorrie,Paolazzi,jpaolazziaw@cdbaby.com,Female,225-624-5176,Chevrolet,Suburban 2500,2011,9828.97,40
394,Lissy,Cluderay,lcluderayax@apache.org,Female,396-980-4196,Lincoln,Navigator,1998,47156.55,20
395,Cathryn,Maffei,cmaffeiay@devhub.com,Female,794-570-3758,Mercury,Mariner,2005,75777.94,20
396,Carmelina,Rubinovitch,crubinovitchaz@dot.gov,Female,455-179-2944,Lotus,Esprit,1992,23782.63,30
397,Jaclin,Poulgreen,jpoulgreenb0@nasa.gov,Female,221-796-8506,Toyota,Camry Solara,2007,92199.85,20
398,Bari,Bearcroft,bbearcroftb1@google.com.br,Female,311-152-2319,GMC,Canyon,2007,66154.15,20
399,Anabal,Birkmyre,abirkmyreb2@xinhuanet.com,Female,919-960-7968,Chevrolet,S10 Blazer,1992,136845.46,40
400,Flemming,Heintsch,fheintschb3@github.com,Male,671-646-5495,Land Rover,Range Rover,1987,104314.67,30
401,Devin,Hugh,dhughb4@creativecommons.org,Male,313-529-6883,Buick,Regal,2011,94177.3,20
402,Jill,Filyashin,jfilyashinb5@umich.edu,Female,808-553-6981,Chevrolet,Suburban 1500,1996,80055.13,40
403,Dorine,Fairlam,dfairlamb6@java.com,Female,601-628-2797,Mercury,Monterey,2006,89955.18,30
404,Marjy,Orwell,morwellb7@globo.com,Female,970-423-8613,Dodge,Grand Caravan,2008,99730.73,20
405,Alexandra,Trimme,atrimmeb8@jiathis.com,Female,412-902-4408,Lincoln,Navigator L,2010,82470.31,30
406,Nahum,Dredge,ndredgeb9@earthlink.net,Male,586-740-9702,Ford,Explorer,2003,127201.27,20
407,Hildagard,Varfolomeev,hvarfolomeevba@spiegel.de,Female,540-304-0999,GMC,Yukon,1998,72226.09,20
408,Jammal,Risborough,jrisboroughbb@liveinternet.ru,Male,924-685-0466,GMC,Rally Wagon 3500,1992,83429.01,20
409,Adamo,Bernucci,abernuccibc@oaic.gov.au,Male,730-556-3643,Mitsubishi,Pajero,1997,128834.9,40
410,Lem,Glasman,lglasmanbd@goodreads.com,Male,978-502-1501,Volvo,C70,2001,35770.65,10
411,Fitzgerald,Corrington,fcorringtonbe@ebay.com,Male,665-362-1648,Volkswagen,New Beetle,1998,147576.41,10
412,Finley,Dellit,fdellitbf@cnn.com,Male,323-864-6315,Chevrolet,Silverado 2500,2010,57068.01,40
413,Claudian,Pletts,cplettsbg@si.edu,Male,688-341-3592,Nissan,350Z,2006,148314.67,40
414,Buddy,Berkelay,bberkelaybh@apache.org,Male,510-646-1985,GMC,Yukon XL 1500,2013,50816.68,40
415,Gregg,Thurlbourne,gthurlbournebi@tripadvisor.com,Male,597-819-2997,Saab,9000,1989,52967.3,30
416,Bryanty,MacGahy,bmacgahybj@nasa.gov,Male,996-858-7800,Dodge,Ram Wagon B150,1994,131269.0,20
417,Arney,Kun,akunbk@privacy.gov.au,Male,603-995-5020,Ford,Edge,2012,82936.79,30
418,Darryl,Heugh,dheughbl@stanford.edu,Male,296-863-2686,BMW,650,2006,139509.55,20
419,Deonne,Haddacks,dhaddacksbm@xrea.com,Female,899-698-0861,Mazda,Protege,1994,28763.46,20
420,Chadd,Greensitt,cgreensittbn@ezinearticles.com,Male,629-273-5500,Ford,Crown Victoria,2006,6539.74,20
421,Olive,Orgel,oorgelbo@acquirethisname.com,Female,261-216-9146,Chevrolet,Metro,1998,139253.11,10
422,Sena,Fasham,sfashambp@nifty.com,Female,326-854-3879,Mitsubishi,Galant,1988,8890.25,20
423,Niven,Sommerling,nsommerlingbq@buzzfeed.com,Male,340-156-7088,Toyota,Land Cruiser,2008,118112.07,10
424,Clem,Wickstead,cwicksteadbr@1und1.de,Female,795-194-9436,Mercury,Grand Marquis,1985,130585.36,30
425,Brena,Grigsby,bgrigsbybs@aol.com,Female,925-443-8489,Infiniti,G,1993,9010.41,40
426,Reinaldo,Wehden,rwehdenbt@prweb.com,Male,786-225-1653,Chrysler,PT Cruiser,2003,142299.05,30
427,Denney,Gittus,dgittusbu@deliciousdays.com,Male,903-889-1166,GMC,EV1,1999,80926.89,10
428,Hebert,Quimby,hquimbybv@zimbio.com,Male,309-455-0148,Mitsubishi,Chariot,1994,101692.97,20
429,Oran,Rowlands,orowlandsbw@themeforest.net,Male,845-141-6133,Volvo,S60,2003,143898.58,30
430,Jenica,Rosel,,Female,359-904-2417,Kia,Sedona,2006,94563.23,20
431,Callean,Langran,clangranby@census.gov,,,Chevrolet,2500,2000,6974.02,30
432,Cordie,Alelsandrowicz,calelsandrowiczbz@de.vu,Male,980-398-1962,Chevrolet,G-Series G20,1994,117247.27,20
433,Giacopo,Wilmot,gwilmotc0@jalbum.net,Male,867-474-1627,Buick,Enclave,2011,6623.32,10
434,Cristin,Eccleston,cecclestonc1@home.pl,Female,829-978-6840,BMW,5 Series,2006,66829.95,30
435,Blythe,Courtois,bcourtoisc2@abc.net.au,Female,651-969-6764,Porsche,911,2011,140535.79,30
436,Vinson,Risdall,vrisdallc3@ifeng.com,Male,752-308-4053,Land Rover,Range Rover,2000,6937.53,20
437,Homer,Elstow,helstowc4@simplemachines.org,Male,712-376-7927,Chevrolet,Caprice Classic,1993,126510.04,10
438,Mathian,Gauntlett,mgauntlettc5@com.com,Male,792-600-9372,Mercury,Mountaineer,1999,18606.04,20
439,Delaney,Ugolini,dugolinic6@nature.com,Male,844-636-3279,Infiniti,QX,2005,97914.78,20
440,Melanie,Bowe,mbowec7@dropbox.com,Female,954-723-2764,Jeep,Wrangler,1998,80636.83,20
441,Claudia,Calverley,ccalverleyc8@yelp.com,Female,821-130-8298,Foose,Hemisfear,2007,84191.15,30
442,Gigi,Stoltz,gstoltzc9@etsy.com,Female,794-817-6342,Maybach,57,2008,83609.59,30
443,Ian,Gronav,igronavca@ucoz.ru,Male,398-180-4052,Ford,Mustang,1970,132789.16,10
444,Bibbye,Stone Fewings,bstonefewingscb@t-online.de,Female,871-751-8323,Mitsubishi,Mighty Max,1993,24289.07,30
445,Alfy,Leedes,aleedescc@spiegel.de,Male,968-623-6117,Geo,Metro,1995,118094.01,10
446,Ikey,Rozenzweig,irozenzweigcd@narod.ru,Male,183-299-7960,Mazda,MX-6,1989,88075.37,30
447,Skylar,Brun,sbrunce@delicious.com,Male,632-309-5514,Peugeot,207,2007,56851.69,10
448,Mathilda,Gatcliff,mgatcliffcf@java.com,Female,439-192-7832,Buick,Century,1996,47646.71,40
449,Lazarus,Rundle,lrundlecg@surveymonkey.com,Male,687-442-7681,Audi,80,1991,26091.22,20
450,Max,Neesham,mneeshamch@wikipedia.org,Female,124-742-9703,BMW,5 Series,2003,76147.29,10
451,Moyra,Muddimer,mmuddimerci@fda.gov,Female,154-182-9816,Aston Martin,DBS,2009,49675.13,20
452,Raynard,Tournie,rtourniecj@indiatimes.com,Male,319-469-3051,Honda,S2000,2003,70905.81,10
453,Candide,Kearney,ckearneyck@ibm.com,Female,686-262-5893,Mercedes-Benz,S-Class,1988,12688.26,20
454,Gradey,Sinkins,gsinkinscl@vistaprint.com,Male,673-548-2574,Volvo,C70,2004,82356.55,10
455,Barbabas,Winsom,bwinsomcm@mit.edu,Male,528-676-0764,Nissan,Maxima,2007,120170.35,40
456,Nanny,Beresfore,nberesforecn@rakuten.co.jp,Female,473-376-8522,Mazda,B-Series Plus,1998,59627.71,30
457,Angy,Danelut,adanelutco@dailymail.co.uk,Female,444-227-8773,Kia,Sedona,2006,93708.68,20
458,Bax,Agus,baguscp@google.pl,Male,967-477-9539,Ford,Econoline E150,1994,140420.92,40
459,Grace,Bernaert,gbernaertcq@skyrock.com,Male,190-454-3692,Jeep,Wrangler,2007,142042.15,10
460,Elwin,Grunson,egrunsoncr@xing.com,Male,876-752-6661,Oldsmobile,Silhouette,2000,48519.96,30
461,Sutton,McSweeney,smcsweeneycs@hexun.com,Male,479-811-3665,GMC,Yukon XL 2500,2008,134860.48,10
462,Letizia,Minchin,lminchinct@g.co,Female,828-316-2329,Volkswagen,Scirocco,1987,98313.97,30
463,Niel,Bourgaize,nbourgaizecu@hugedomains.com,Male,202-865-6192,Mercedes-Benz,SLS-Class,2012,35032.82,20
464,Shelley,Buggs,sbuggscv@mysql.com,Female,255-292-6604,Ford,E-Series,2006,63231.69,20
465,Antonia,Cammacke,acammackecw@facebook.com,Female,125-136-7809,GMC,1500 Club Coupe,1995,101358.52,30
466,Skipton,Blinder,sblindercx@i2i.jp,Male,556-917-8105,Ford,Econoline E350,2002,9509.01,10
467,Robert,Gethin,rgethincy@linkedin.com,Male,490-508-2733,Dodge,Ram Van 2500,1998,49928.47,20
468,Yorke,Leith-Harvey,yleithharveycz@cisco.com,Male,322-586-6931,Chevrolet,Suburban 2500,2005,134064.61,30
469,Shannan,Dyshart,sdyshartd0@ted.com,Male,533-833-1507,Pontiac,Grand Am,1992,134979.6,30
470,Arlinda,Wigzell,awigzelld1@studiopress.com,Female,876-265-0574,Buick,Regal,2003,81076.34,40
471,Hermina,Parratt,hparrattd2@wikia.com,Female,610-901-2111,Lexus,HS,2010,88634.48,20
472,Archibald,Jerzak,ajerzakd3@cdbaby.com,Male,361-642-2796,Ford,Thunderbird,1987,81865.05,30
473,Dodi,Roomes,droomesd4@facebook.com,Female,597-429-3697,Isuzu,Hombre,2000,140685.24,30
474,Benedetto,Brothwell,bbrothwelld5@mysql.com,Male,886-141-2179,Scion,xD,2008,108231.65,30
475,Brander,Bonallick,bbonallickd6@tamu.edu,Male,804-352-0817,Land Rover,Range Rover,1997,33016.67,10
476,Heinrick,Laraway,hlarawayd7@nasa.gov,Male,354-319-6098,Toyota,Avalon,2010,83693.97,20
477,Marianna,McKeady,,Female,715-317-7846,Volkswagen,R32,2004,51242.82,30
478,Marvin,Ivasechko,mivasechkod9@auda.org.au,Male,855-656-3957,Eagle,Vision,1995,140389.27,40
479,Chase,Woodwind,cwoodwindda@weather.com,Male,555-680-3222,Mazda,Protege,1995,66405.13,10
480,Sigismondo,Snowdon,,Male,360-544-7548,Oldsmobile,Ciera,1994,9104.32,40
481,Harmonie,Lemon,hlemondc@bandcamp.com,Female,747-659-1156,Chevrolet,Express 2500,2001,83984.64,10
482,Shirl,Screen,sscreendd@tumblr.com,Female,875-929-4257,Dodge,Dakota Club,1999,32407.66,40
483,Gayleen,Rumble,grumblede@github.com,Female,837-980-0457,Mitsubishi,Starion,1987,122375.34,20
484,Antons,Teresia,ateresiadf@example.com,Male,326-774-8773,Honda,Accord,1999,111048.05,30
485,Bernelle,Jeaneau,bjeaneaudg@google.de,Female,846-374-9206,Toyota,Highlander,2009,9041.7,10
486,Erich,Swanger,eswangerdh@disqus.com,Male,874-137-9287,Ford,Crown Victoria,2006,113382.57,40
487,Shay,Renowden,srenowdendi@msu.edu,Female,921-416-9990,GMC,Sonoma Club Coupe,1993,37146.08,20
488,Sancho,Kolyagin,skolyagindj@businesswire.com,Male,853-395-7280,Mitsubishi,Lancer,2004,73942.54,10
489,Freida,Carnock,fcarnockdk@mapy.cz,Female,520-926-4615,Chevrolet,Aveo,2004,40779.29,20
490,Germayne,Dwyr,gdwyrdl@unc.edu,Male,850-299-3018,Ford,Econoline E250,2002,21256.45,40
491,Melvin,Dracey,mdraceydm@kickstarter.com,Male,857-412-4509,Mazda,Tribute,2005,64234.85,20
492,Twyla,Gostling,tgostlingdn@blogtalkradio.com,Female,197-278-3242,Land Rover,Range Rover,1996,120774.93,20
493,Hildagard,Dumsday,hdumsdaydo@elpais.com,Female,341-905-0419,Ford,Focus,2013,98757.09,20
494,Vilma,Wrennall,vwrennalldp@domainmarket.com,Female,755-980-9025,GMC,2500,1994,51621.44,10
495,Hollie,Eberdt,heberdtdq@sitemeter.com,Female,855-932-3356,Chrysler,300M,2002,63590.42,40
496,Derby,Kall,dkalldr@mapy.cz,Male,323-216-3415,Chevrolet,Tahoe,2000,33603.98,20
497,Osbert,Schuchmacher,oschuchmacherds@bbc.co.uk,Male,828-923-6273,Ford,E-Series,1991,115734.67,30
498,Gideon,Pattinson,gpattinsondt@scribd.com,Male,130-710-0329,Isuzu,Trooper,2002,149739.2,20
499,Humbert,Nossent,hnossentdu@soup.io,Male,100-115-9539,Jaguar,S-Type,2005,75827.04,10
500,Addy,Creany,acreanydv@ca.gov,Female,546-866-0948,Cadillac,CTS-V,2006,87824.82,40
501,Estel,Sallarie,esallariedw@blinklist.com,Female,743-857-9366,Toyota,Yaris,2010,96846.15,40
502,Chris,Mattsson,cmattssondx@t-online.de,Female,324-915-5660,Kia,Sportage,2010,111464.76,10
503,Lucio,Prugel,lprugeldy@51.la,Male,567-221-4697,Suzuki,X-90,1997,103642.24,20
504,Isacco,Kearey,ikeareydz@google.fr,Male,984-218-8112,Hyundai,Sonata,1992,81426.83,40
505,Wendi,Seville,wsevillee0@dailymail.co.uk,Female,659-209-4013,Toyota,Avalon,2010,21130.75,10
506,Konstantine,Aylmore,kaylmoree1@gravatar.com,Male,770-516-5045,Mercury,Grand Marquis,1990,131528.18,20
507,Randie,Japp,rjappe2@chronoengine.com,Female,453-618-1627,Chrysler,300M,2001,148461.18,20
508,Winnie,Gabbatiss,,Male,846-879-3495,GMC,2500,1997,113053.42,10
509,Xever,Sturgess,xsturgesse4@bbc.co.uk,Male,428-384-8938,Bentley,Continental,2009,81786.73,30
510,Theobald,Asquez,tasqueze5@springer.com,Male,587-334-7818,Kia,Sedona,2010,18258.26,20
511,Robers,Brunsdon,rbrunsdone6@unesco.org,Male,330-749-1006,Chevrolet,Silverado,2008,39863.12,10
512,Eal,Iacopetti,eiacopettie7@aol.com,Male,649-199-1669,Ford,E350,2012,110484.32,20
513,Sayer,Mcwhinnie,smcwhinniee8@simplemachines.org,Male,881-801-8586,Nissan,Rogue,2008,102664.38,20
514,Nadeen,Etherington,netheringtone9@pbs.org,Female,398-309-9952,Chrysler,Sebring,1995,31389.56,20
515,Bailie,Cadwaladr,bcadwaladrea@about.me,Male,497-785-3153,Audi,riolet,1996,60754.0,20
516,Skippy,Kolis,skoliseb@biblegateway.com,Male,341-847-1281,Mitsubishi,Truck,1993,55744.7,10
517,Agatha,Authers,aauthersec@yolasite.com,Female,699-681-5709,Dodge,Ram 2500,2007,6897.03,30
518,Orelee,Farrall,ofarralled@ucsd.edu,Female,553-646-4889,Audi,A3,2007,145017.63,40
519,Dov,Neligan,dneliganee@quantcast.com,Male,764-117-2853,Land Rover,Discovery Series II,2000,58913.56,10
520,Belvia,Buston,bbustonef@google.co.jp,Female,732-936-1652,Dodge,Caravan,1992,133330.53,10
521,Roby,Ferreiro,rferreiroeg@bluehost.com,Female,306-798-4085,Mitsubishi,Outlander,2005,52790.84,10
522,Bram,Chazotte,bchazotteeh@yelp.com,Male,641-200-6430,Infiniti,Q,2005,108285.76,20
523,Joline,Howlin,jhowlinei@indiegogo.com,Female,692-126-0004,Volvo,S40,2009,56565.5,10
524,Uriel,Wooland,uwoolandej@shinystat.com,Male,445-428-6585,Jeep,Grand Cherokee,2007,38960.86,30
525,Andres,Haggis,ahaggisek@icio.us,Male,308-876-8115,GMC,Savana,2007,89516.74,30
526,Jarvis,Meekin,jmeekinel@msu.edu,Male,670-908-0988,BMW,X5,2003,116795.56,30
527,Josh,Ayer,jayerem@w3.org,Male,623-884-8904,Mazda,Navajo,1991,23481.37,30
528,Any,Coley,acoleyen@engadget.com,Male,402-218-9924,Nissan,Cube,2011,133194.99,30
529,Wallis,Alfonso,walfonsoeo@gnu.org,Male,213-635-7236,Ford,Windstar,1997,143272.94,10
530,Archie,McAllan,amcallanep@aboutads.info,Male,953-618-5703,Lamborghini,Gallardo,2006,76141.14,30
531,Tome,Rangall,trangalleq@patch.com,Male,227-142-3695,Mitsubishi,Chariot,1985,93002.81,10
532,Bibi,Quadri,bquadrier@unicef.org,Female,604-420-0383,Chevrolet,Venture,2002,110470.77,30
533,Raimondo,Forrest,rforrestes@shareasale.com,Male,729-582-4148,BMW,6 Series,2004,148570.53,20
534,Karylin,Henriksson,khenrikssonet@indiatimes.com,Female,166-226-9918,Maybach,57S,2005,149372.47,40
535,Sigvard,Sollars,ssollarseu@microsoft.com,Male,378-101-4745,Lexus,LX,2005,127762.87,10
536,Dorita,Liell,dliellev@typepad.com,Female,419-372-3421,Chevrolet,Lumina,1992,128279.4,40
537,Darrin,Zanassi,dzanassiew@gmpg.org,Male,743-764-5511,Maybach,Landaulet,2010,85505.04,30
538,Timmie,Pendreigh,tpendreighex@nbcnews.com,Male,551-375-0639,Chrysler,Voyager,2001,84422.34,30
539,Elli,Keedy,ekeedyey@bizjournals.com,Female,250-988-1389,Buick,LaCrosse,2011,21853.23,40
540,Connie,De Bischof,cdebischofez@techcrunch.com,Female,470-558-2581,Cadillac,SRX,2007,131853.27,30
541,Rainer,Belsham,rbelshamf0@cbsnews.com,Male,417-596-6633,Mazda,Protege5,2003,100170.27,40
542,Adriana,Reddell,areddellf1@jalbum.net,Female,967-603-5820,Saturn,L-Series,2002,131488.04,30
543,Babette,Castrillo,bcastrillof2@ocn.ne.jp,Female,603-963-2808,Chevrolet,Avalanche 1500,2004,51634.46,20
544,Armando,Pietrusiak,apietrusiakf3@wix.com,Male,653-540-6789,Land Rover,LR4,2011,24011.1,40
545,Care,Dimitresco,cdimitrescof4@amazon.co.uk,Male,936-179-2105,Toyota,Yaris,2008,50123.42,10
546,Aurelea,Fielder,afielderf5@intel.com,Female,284-690-4190,Mercedes-Benz,G-Class,2002,142006.26,40
547,Amelita,Queripel,aqueripelf6@utexas.edu,Female,862-128-9774,Mazda,MX-3,1992,43280.65,30
548,Delcina,Van der Brug,dvanderbrugf7@flickr.com,Female,527-193-2077,Ford,Thunderbird,1977,100216.24,30
549,Martyn,Tie,mtief8@virginia.edu,Male,612-739-9636,Jeep,Liberty,2004,48406.78,40
550,Alisander,Blinman,ablinmanf9@vimeo.com,Male,429-562-2437,Toyota,Highlander,2003,98696.12,40
551,Ossie,O'Sheeryne,oosheerynefa@fc2.com,Male,487-143-9090,Chevrolet,Classic,2004,9405.77,40
552,Fanni,Pilkinton,,,,Citro√´n,2CV,1948,124575.31,40
553,Walton,Weir,wweirfc@nps.gov,Male,682-546-1747,Dodge,Avenger,2008,127449.07,10
554,Linoel,Bulluck,lbulluckfd@studiopress.com,Male,284-168-6835,Volvo,V70,2001,81578.6,40
555,Vilma,MacLure,vmaclurefe@nationalgeographic.com,Female,938-149-3329,Mitsubishi,Pajero,1996,71258.89,20
556,Eb,Tuckett,etuckettff@desdev.cn,Male,406-920-3876,Mercedes-Benz,CLK-Class,2000,120398.86,30
557,Brittne,Abdy,babdyfg@theglobeandmail.com,Female,709-922-1186,Mitsubishi,Eclipse,1996,145030.27,20
558,Gianna,Chotty,gchottyfh@fema.gov,Female,786-310-8988,Chevrolet,Camaro,2012,97513.37,10
559,Townie,Stilgoe,tstilgoefi@dmoz.org,Male,108-853-8819,Toyota,4Runner,2007,56743.92,40
560,Wanda,Choke,wchokefj@moonfruit.com,,,Infiniti,QX,2011,46656.39,10
561,Charley,Horrell,,Male,185-980-6300,Nissan,Altima,1998,117965.55,20
562,Linnell,Shelp,lshelpfl@buzzfeed.com,Female,661-316-7666,Lincoln,Town Car,1986,12744.78,20
563,Montague,Hovenden,mhovendenfm@liveinternet.ru,Male,184-755-0640,Cadillac,Seville,1998,43846.3,40
564,Marty,Goldby,mgoldbyfn@eepurl.com,Male,662-433-7753,Chevrolet,HHR,2010,14440.83,30
565,Elvyn,Bickmore,ebickmorefo@example.com,Male,730-733-4845,Hyundai,Elantra,2001,98010.44,40
566,Jeddy,Murtell,jmurtellfp@thetimes.co.uk,Male,724-523-1173,Land Rover,Discovery,1995,11555.48,20
567,Flore,Showte,fshowtefq@yelp.com,,,Nissan,Maxima,2011,64499.45,30
568,Georgy,Doni,gdonifr@nsw.gov.au,Male,113-502-0546,Ford,F450,2010,121745.27,30
569,Teresita,Pettisall,tpettisallfs@jimdo.com,Female,868-386-9868,Dodge,Nitro,2011,113734.21,20
570,Nana,Dabes,ndabesft@squidoo.com,Female,625-431-6375,Land Rover,Discovery,2003,123109.91,10
571,Filmore,Bourhill,fbourhillfu@auda.org.au,Male,210-140-9834,BMW,7 Series,1997,131164.97,40
572,Nevsa,Joel,njoelfv@google.com.au,Female,571-976-0167,Mitsubishi,Galant,1997,90078.9,40
573,Dalenna,Ianno,,Female,594-453-6401,Cadillac,SRX,2008,73751.2,10
574,Nanete,Gaul,ngaulfx@mail.ru,Female,854-400-5024,Chevrolet,TrailBlazer,2006,40787.08,40
575,Chauncey,Goodwill,cgoodwillfy@epa.gov,Male,449-774-9313,Dodge,Viper RT/10,1994,138591.2,10
576,Finlay,Purveys,fpurveysfz@storify.com,Male,996-718-8909,Chevrolet,Caprice Classic,1993,5413.81,30
577,Esmeralda,Gawith,egawithg0@baidu.com,Female,336-668-8533,Jeep,Wrangler,2001,95075.85,20
578,Maurise,Fiddiman,mfiddimang1@blogger.com,Male,168-122-3898,Chevrolet,Malibu,2000,29553.6,20
579,Martyn,Hardcastle,mhardcastleg2@macromedia.com,Male,848-867-0968,Mazda,Tribute,2001,115088.52,40
580,Eduino,Castagnone,ecastagnoneg3@webmd.com,Male,612-445-3899,Hyundai,Sonata,2007,46798.5,30
581,Arin,Simmgen,asimmgeng4@t.co,Male,362-659-3745,Dodge,Stratus,2004,50294.38,10
582,Nevile,Turbat,nturbatg5@guardian.co.uk,Male,385-974-6336,Plymouth,Voyager,1992,32070.08,30
583,Von,Haburne,vhaburneg6@zdnet.com,Male,265-423-7896,Mercury,Grand Marquis,1988,115380.6,40
584,Wallie,Wiz,wwizg7@goo.gl,Female,506-420-3685,Toyota,Sequoia,2006,145979.78,20
585,Janean,Proswell,jproswellg8@deliciousdays.com,Female,870-982-5377,Volkswagen,Jetta,1996,72233.71,10
586,Reiko,Priditt,rpridittg9@macromedia.com,Female,719-409-7406,Volkswagen,Jetta,2004,106187.91,30
587,Nari,Simounet,nsimounetga@creativecommons.org,Female,626-489-4379,Aston Martin,DB9 Volante,2006,73872.23,10
588,Pren,Harlock,pharlockgb@go.com,Male,524-942-8291,Aptera,Type-1h,2010,15568.29,20
589,Deonne,Slocket,dslocketgc@netscape.com,Female,568-440-3850,Mercury,Grand Marquis,1988,68644.41,40
590,Gaspar,Laverock,glaverockgd@imgur.com,Male,739-231-3330,Ford,F-Series,1991,104188.19,20
591,Athena,Robertsen,arobertsenge@sitemeter.com,Female,976-801-8719,GMC,Envoy XL,2006,120821.2,20
592,Slade,Belcham,sbelchamgf@goodreads.com,Male,774-493-8336,Pontiac,Firebird,2001,86828.85,30
593,Maureene,Yitzowitz,myitzowitzgg@blogtalkradio.com,Female,112-437-5597,Ford,Focus,2003,5188.98,30
594,Tremayne,Losano,tlosanogh@time.com,Male,129-196-5932,Chevrolet,3500,1995,102166.19,20
595,Maryann,Thwaite,mthwaitegi@fotki.com,Female,358-753-5225,Subaru,Forester,2003,14152.44,10
596,Leontyne,Bootell,lbootellgj@umich.edu,Female,927-850-1033,Toyota,FJ Cruiser,2009,15572.84,20
597,Shannon,Hanalan,,Male,420-916-8798,Infiniti,FX,2003,29734.07,30
598,Kath,Toop,ktoopgl@psu.edu,Female,837-334-5841,Suzuki,Forenza,2006,7747.5,20
599,Ilise,Benoi,ibenoigm@list-manage.com,Female,518-395-0810,Toyota,Tercel,1994,54040.4,40
600,Algernon,Normanvill,anormanvillgn@clickbank.net,Male,726-615-0482,Kia,Forte,2010,70376.49,40
601,Cob,Pervoe,cpervoego@studiopress.com,Male,544-939-8117,Acura,RDX,2007,74099.16,20
602,Nicky,McCheyne,nmccheynegp@flavors.me,Male,313-602-6559,Porsche,944,1987,89872.72,10
603,Dyane,Jeakins,djeakinsgq@sfgate.com,Female,823-102-0999,Mercury,Mountaineer,2008,116229.75,30
604,Jen,Longfut,jlongfutgr@ehow.com,Female,906-243-7620,Mitsubishi,GTO,1993,90518.56,40
605,Ajay,Gasquoine,agasquoinegs@feedburner.com,Female,561-396-0912,Mercedes-Benz,500SEC,1993,144584.25,10
606,Alexina,Manhood,amanhoodgt@linkedin.com,Female,233-124-7545,Mercury,Villager,1993,34512.82,30
607,Trstram,Gonning,,Male,844-938-0371,Jeep,Patriot,2012,16409.98,20
608,Drucy,Heindrich,dheindrichgv@kickstarter.com,Female,734-936-9974,Cadillac,Eldorado,1995,108342.39,10
609,Martin,Danett,mdanettgw@usatoday.com,Male,668-567-2151,Chevrolet,Corvette,1968,18682.94,30
610,Tucker,Arrighi,tarrighigx@dailymotion.com,Male,560-377-5161,Dodge,Spirit,1993,25229.06,10
611,Collen,O' Byrne,cobyrnegy@soup.io,Female,906-116-7481,BMW,745,2003,83142.73,30
612,Kacie,Kleinplatz,kkleinplatzgz@forbes.com,Female,665-177-5870,Mazda,Tribute,2010,91670.77,40
613,Chadd,MacGillavery,cmacgillaveryh0@springer.com,Male,124-712-6775,Buick,Regal,2001,43560.73,40
614,Phyllys,Greaves,pgreavesh1@ifeng.com,Female,540-256-6541,Mercedes-Benz,SL-Class,1992,16611.28,30
615,Janek,Evett,jevetth2@baidu.com,Male,650-718-7515,GMC,Safari,2005,15874.25,40
616,Verney,Camidge,vcamidgeh3@wikia.com,Male,859-786-1007,Hyundai,Tiburon,2009,37235.42,10
617,Misty,Halloran,mhalloranh4@blogs.com,Female,165-885-3701,Ford,Mustang,2001,24149.11,40
618,Kayley,Salsberg,ksalsbergh5@biglobe.ne.jp,Female,610-251-8279,GMC,Yukon XL 1500,2004,136139.4,10
619,Laughton,Abdee,labdeeh6@yolasite.com,Male,345-861-9515,GMC,Sonoma Club Coupe,1994,145397.28,20
620,Calhoun,Allinson,callinsonh7@usatoday.com,Male,977-166-2995,Nissan,Pathfinder,2007,77464.23,20
621,Jaime,Lambourne,jlambourneh8@comsenz.com,Male,784-469-7170,Nissan,Xterra,2001,30015.69,20
622,Chelsey,Waggitt,cwaggitth9@samsung.com,Female,309-381-8644,Nissan,Quest,2007,59808.89,30
623,Georgeta,Baldam,gbaldamha@bizjournals.com,Female,363-172-5080,Land Rover,Range Rover Sport,2008,119981.28,40
624,Brianna,Kyngdon,bkyngdonhb@java.com,Female,889-385-6937,GMC,Savana 3500,1999,116454.83,20
625,Filberto,Arpino,farpinohc@geocities.com,Male,881-603-4918,Chevrolet,Suburban 2500,2006,72684.86,30
626,Falkner,Allmond,fallmondhd@telegraph.co.uk,Male,434-201-7470,Volvo,850,1996,67047.11,30
627,Even,Rankmore,erankmorehe@github.io,Male,954-551-8712,Ford,ZX2,2001,106865.59,20
628,Mella,Windrass,mwindrasshf@e-recht24.de,Female,184-548-9929,Oldsmobile,Cutlass Supreme,1995,40529.0,20
629,Alysa,Witt,awitthg@sakura.ne.jp,Female,271-775-6975,Chevrolet,Avalanche 2500,2002,133392.15,30
630,Diego,Henrion,dhenrionhh@infoseek.co.jp,Male,239-795-7602,Mitsubishi,Mighty Max Macro,1993,74042.13,20
631,Malachi,Lyne,mlynehi@wordpress.org,Male,609-155-1811,Acura,RDX,2010,104119.45,10
632,Jacquie,Kahen,jkahenhj@wikimedia.org,Female,746-186-1419,Suzuki,SJ,1990,61680.04,10
633,Gregorius,Kroch,gkrochhk@ustream.tv,Male,344-603-5994,Subaru,Forester,1999,102417.83,10
634,Hamlin,Lyddon,hlyddonhl@hubpages.com,Male,514-712-3790,Mitsubishi,Lancer Evolution,2003,61022.84,10
635,Afton,Bauckham,abauckhamhm@networkadvertising.org,Female,669-413-5720,Pontiac,LeMans,1988,102254.84,40
636,Sherwood,Hornig,shornighn@deliciousdays.com,Male,186-999-7971,Mercedes-Benz,CLK-Class,2007,142716.33,30
637,Desiree,Skough,dskoughho@de.vu,Female,515-615-8220,Ford,Tempo,1990,97085.96,20
638,Olly,Jime,ojimehp@loc.gov,Male,581-293-8352,Ford,F150,2012,40225.24,20
639,Inesita,Castri,icastrihq@washingtonpost.com,Female,513-455-3485,Mercedes-Benz,CLS-Class,2006,68874.23,30
640,Roby,Faull,rfaullhr@elpais.com,Female,112-468-5879,Bentley,Continental,2009,148742.68,10
641,Milt,June,mjunehs@cbc.ca,Male,684-213-2054,Mercedes-Benz,GL-Class,2008,86781.39,10
642,Stacy,Kauschke,skauschkeht@home.pl,Female,671-725-2584,Nissan,Frontier,2012,15238.45,30
643,Sanford,Goudman,sgoudmanhu@plala.or.jp,Male,737-999-5115,Suzuki,Sidekick,1998,77811.8,20
644,Doloritas,Cossor,dcossorhv@google.es,Female,714-558-5466,Jeep,Liberty,2007,35823.68,30
645,Kermie,Martina,kmartinahw@amazonaws.com,Male,267-536-5251,Mazda,Protege5,2002,139522.99,20
646,Britte,Marchi,bmarchihx@elpais.com,Female,339-687-0256,Lexus,LS,2001,75776.95,40
647,Thomasina,Plaskett,tplasketthy@tinyurl.com,Female,853-373-6400,Lexus,LFA,2012,125143.86,40
648,Blair,Mayer,bmayerhz@cnbc.com,Female,607-914-7686,Hummer,H3,2009,58813.16,20
649,Brigitte,Farress,bfarressi0@wikia.com,Female,310-432-3445,Dodge,Challenger,2009,117790.22,10
650,Sibyl,Cotmore,scotmorei1@dailymotion.com,Female,154-970-1831,Ford,Taurus,2010,14576.4,30
651,Moselle,Pomfrey,mpomfreyi2@mail.ru,Female,391-503-7407,Aston Martin,V8 Vantage,2006,67189.53,20
652,Oralie,Lytton,olyttoni3@weebly.com,Female,483-978-4331,Lexus,LS,2004,37811.45,30
653,Jens,Ricards,jricardsi4@vimeo.com,Male,986-451-4176,Kia,Sportage,1999,103244.5,40
654,Danya,Shale,dshalei5@chron.com,Male,717-448-3058,Dodge,Avenger,1999,49542.84,40
655,Dorris,Twinning,dtwinningi6@examiner.com,Female,876-860-3276,Mercedes-Benz,M-Class,2005,115266.11,10
656,Pippy,Wohler,pwohleri7@intel.com,Female,713-293-6399,Honda,Civic GX,2003,82945.31,40
657,Angelique,Affuso,aaffusoi8@imdb.com,Female,548-465-2285,Toyota,Land Cruiser,1995,33358.33,40
658,Danit,Klamp,dklampi9@auda.org.au,Female,103-848-2374,Holden,VS Commodore,1995,32735.27,40
659,Allard,Leydon,aleydonia@paginegialle.it,Male,809-536-3798,Audi,A6,2012,39962.67,10
660,Cesare,Bellchamber,cbellchamberib@google.com.hk,Male,534-550-4223,Pontiac,Grand Am,1999,64810.03,10
661,Ysabel,Kisbey,ykisbeyic@angelfire.com,Female,148-941-4493,GMC,Canyon,2007,14107.59,10
662,Moshe,Jenno,mjennoid@bizjournals.com,Male,498-669-4930,Plymouth,Voyager,1996,142960.43,20
663,Hartley,Siemianowicz,hsiemianowiczie@utexas.edu,Male,101-249-3129,Mitsubishi,Lancer,2004,20421.53,10
664,Samaria,Peacocke,speacockeif@1688.com,Female,763-793-5231,Audi,S6,2007,126522.05,40
665,Marijn,Trigwell,mtrigwellig@home.pl,Male,115-184-3583,Subaru,Legacy,2000,73474.51,20
666,Earlie,Everingham,eeveringhamih@nbcnews.com,Male,851-347-5310,Mercury,Villager,1996,75828.5,30
667,Melanie,Vannoni,mvannoniii@dell.com,Female,676-899-7910,Nissan,Quest,1998,125195.66,40
668,Rufus,Pittock,rpittockij@unicef.org,Male,656-926-4372,Jaguar,XK Series,2003,111632.69,20
669,Bat,Martijn,bmartijnik@ycombinator.com,Male,426-714-4790,BMW,5 Series,2003,100024.52,40
670,Conny,Heeks,cheeksil@scientificamerican.com,Male,269-163-0359,Mitsubishi,Diamante,1996,141993.72,30
671,Buckie,Bembridge,bbembridgeim@bizjournals.com,Male,592-805-9879,Mazda,323,1993,76853.17,40
672,Zandra,Farrand,zfarrandin@blogtalkradio.com,Female,494-432-5628,Aston Martin,DB9,2010,10468.16,30
673,Gardner,Kyncl,gkynclio@webs.com,Male,503-797-4773,Mazda,B-Series,1989,114574.8,20
674,Aggie,Drew,adrewip@ovh.net,Female,944-149-0275,Volvo,V40,2001,117538.74,30
675,Frederic,Barwick,fbarwickiq@va.gov,Male,492-952-3551,BMW,X5,2012,127350.83,20
676,Dyanne,Skillitt,dskillittir@topsy.com,Female,223-205-3449,Ford,Ranger,2002,144882.29,10
677,Lilah,Perch,lperchis@parallels.com,Female,982-314-6753,Dodge,Ram 3500,1996,147780.57,10
678,Quentin,Bartaloni,qbartaloniit@ocn.ne.jp,Male,671-818-5005,GMC,Savana 3500,2008,61694.87,10
679,Colet,Gallimore,cgallimoreiu@skyrock.com,Male,768-561-9549,GMC,Suburban 1500,1998,15621.0,30
680,Debbie,Opfer,dopferiv@people.com.cn,Female,579-670-4399,Mitsubishi,Outlander,2007,104291.77,40
681,Agustin,McSkeagan,amcskeaganiw@gmpg.org,Male,837-132-2482,Toyota,Paseo,1996,15155.62,30
682,Brigid,Tenby,btenbyix@altervista.org,Female,704-566-9143,Dodge,Ram 3500,2005,59726.25,30
683,Ches,Juliano,cjulianoiy@about.com,Male,124-781-5378,Toyota,Echo,2000,88858.87,30
684,Yasmin,Stockey,ystockeyiz@apache.org,Female,247-334-2642,Chrysler,300M,2003,67799.46,40
685,Beverie,Stainer,bstainerj0@vkontakte.ru,Female,383-656-9970,Lincoln,Navigator,2010,115409.69,20
686,Berrie,Linham,blinhamj1@people.com.cn,Female,109-591-4389,Saturn,Relay,2007,88119.05,30
687,Mariya,Kinleyside,mkinleysidej2@ycombinator.com,Female,783-293-4071,Chevrolet,Corvair 500,1963,106712.51,10
688,Camila,Eagar,ceagarj3@soup.io,Female,714-552-0262,Ford,Mustang,1985,122109.73,40
689,Rad,Rodenburg,rrodenburgj4@umn.edu,Male,460-631-7936,Volkswagen,Jetta,2011,84351.9,30
690,Sal,Teasdale-Markie,steasdalemarkiej5@yahoo.co.jp,Female,789-190-6929,GMC,Suburban 1500,1993,84573.59,20
691,Juieta,Keig,jkeigj6@trellian.com,Female,870-257-4790,GMC,Yukon XL 1500,2000,56193.93,20
692,Whitney,Aingell,,Male,504-101-2723,Dodge,Dakota,2008,61978.95,20
693,Ellerey,Wanklyn,ewanklynj8@tumblr.com,Male,595-140-1317,Chevrolet,Express 1500,2002,48214.76,10
694,Thia,Gavigan,tgaviganj9@parallels.com,Female,331-178-7492,Infiniti,M,2006,66747.55,20
695,Angil,Polly,apollyja@cocolog-nifty.com,Female,539-658-7176,Ford,Crown Victoria,1999,67677.61,10
696,Barri,Colliver,bcolliverjb@is.gd,Male,953-416-4127,Volkswagen,Eos,2007,37084.27,20
697,Franky,Shenton,fshentonjc@goodreads.com,Male,376-193-5234,Toyota,Camry,2011,99453.19,40
698,Bobby,Itschakov,bitschakovjd@webnode.com,Male,476-667-8738,GMC,Savana 2500,2011,96370.05,10
699,Tobye,Hambidge,thambidgeje@cbsnews.com,Female,561-325-5452,GMC,Yukon,2004,26850.01,10
700,Rockwell,Jeannot,rjeannotjf@rediff.com,Male,704-523-1258,Porsche,Cayman,2011,134738.47,40
701,Jammal,Levin,jlevinjg@hatena.ne.jp,Male,438-552-6155,Lotus,Exige,2008,46907.37,10
702,Hallsy,Curran,,,,Volkswagen,GTI,1991,108549.97,20
703,Meaghan,Quigley,mquigleyji@businessweek.com,Female,821-228-9394,GMC,Yukon,2011,106448.91,30
704,Othilia,Joysey,ojoyseyjj@histats.com,Female,977-235-0044,Lexus,LX,2003,33413.7,20
705,Haley,Webling,hweblingjk@shareasale.com,Male,459-272-9808,Cadillac,CTS-V,2007,74328.41,10
706,Maria,Shmyr,mshmyrjl@ezinearticles.com,Female,561-253-9274,Volkswagen,New Beetle,2002,88959.99,30
707,Angus,Parton,apartonjm@marriott.com,Male,820-370-2266,BMW,M Roadster,2006,143794.23,10
708,Alden,Angrave,aangravejn@tripod.com,Male,207-766-3785,Chevrolet,1500,1999,15265.55,30
709,Harbert,Cazin,hcazinjo@technorati.com,Male,108-410-9355,Chevrolet,Suburban 2500,2009,137967.02,30
710,Morganne,Watkiss,mwatkissjp@fema.gov,Female,134-107-8908,BMW,3 Series,1998,123991.09,20
711,Derward,Tinklin,dtinklinjq@devhub.com,Male,433-656-5609,BMW,7 Series,1992,31766.1,20
712,Paquito,Wayne,pwaynejr@si.edu,Male,554-945-6336,Volvo,850,1994,54819.29,30
713,Pernell,Venditto,pvendittojs@wunderground.com,Male,578-231-5185,Saab,9-7X,2005,88552.85,10
714,Jo ann,Leyborne,jleybornejt@mail.ru,Female,694-327-0435,Toyota,Corolla,1995,112818.13,30
715,Gracia,Bonanno,gbonannoju@is.gd,Female,413-253-2059,Nissan,Quest,1999,55419.45,10
716,Thornton,Balnave,tbalnavejv@privacy.gov.au,Male,153-945-5009,GMC,Safari,2002,113906.66,30
717,Albina,Awdry,aawdryjw@acquirethisname.com,Female,555-308-3219,Hyundai,Scoupe,1992,99721.37,30
718,Yuma,Harburtson,yharburtsonjx@ifeng.com,Male,339-299-1890,Lotus,Exige,2009,126766.43,30
719,Tome,Sheerman,tsheermanjy@webeden.co.uk,Male,414-279-3679,Lincoln,LS,2003,75922.79,20
720,Tiffany,Worton,twortonjz@aol.com,Female,760-277-1240,Dodge,Durango,2001,108735.89,20
721,Brendon,Frogley,bfrogleyk0@latimes.com,Male,846-282-9155,Ram,2500,2012,127332.1,30
722,Pail,Bolan,pbolank1@patch.com,Male,612-574-8578,Chevrolet,Astro,2004,17383.16,10
723,Isac,Davydzenko,idavydzenkok2@about.me,Male,138-124-5548,Hyundai,Santa Fe,2011,17908.37,40
724,Francoise,Royce,froycek3@weather.com,Female,921-417-8226,Chevrolet,Tahoe,2001,149364.49,20
725,Kimball,Janauschek,kjanauschekk4@canalblog.com,Male,267-495-7948,Nissan,Sentra,2000,134118.09,20
726,Maisie,Coale,mcoalek5@cisco.com,Female,307-782-1445,Land Rover,Discovery,2002,138462.28,30
727,Mavra,Stammler,mstammlerk6@ameblo.jp,,,Toyota,Tacoma,2011,34171.4,30
728,Tim,Wolver,twolverk7@skype.com,Female,173-110-8859,Chevrolet,Tahoe,1996,66131.08,10
729,Inna,Jollye,ijollyek8@hp.com,Female,267-465-1307,GMC,2500 Club Coupe,1996,33993.44,10
730,Jessalyn,Springate,jspringatek9@forbes.com,Female,652-535-8161,Toyota,Sienna,2010,46015.32,40
731,Yanaton,Cragg,ycraggka@guardian.co.uk,Male,973-804-6261,Geo,Metro,1993,126860.3,10
732,Farris,Cicco,fciccokb@cdc.gov,Male,358-436-9607,BMW,530,2006,123266.02,10
733,Nehemiah,Widmoor,nwidmoorkc@google.de,Male,906-131-4334,Porsche,914,1970,38577.85,40
734,Lezlie,Barkshire,lbarkshirekd@purevolume.com,Female,299-375-3678,Chevrolet,Sportvan G30,1992,38191.68,10
735,Dorella,Roath,droathke@google.nl,Female,596-719-9493,Honda,CR-V,2002,47608.91,30
736,Lani,Chesshyre,,Female,905-899-4504,Kia,Spectra,2007,92863.57,10
737,Ray,Dollard,rdollardkg@histats.com,Female,717-542-5794,Chevrolet,Suburban 1500,1999,130261.76,20
738,Stesha,Bryenton,sbryentonkh@t.co,Female,328-416-5791,Ford,Econoline E150,2000,76716.01,30
739,Stephen,Ashbe,,Male,264-220-0175,Chrysler,Sebring,2009,11628.6,10
740,Smith,Kibbey,skibbeykj@youtu.be,Male,634-206-3247,Bentley,Continental,2009,66233.69,40
741,Costanza,Polleye,cpolleyekk@acquirethisname.com,Female,100-653-0298,Chevrolet,Caprice Classic,1993,94208.5,40
742,Jere,Zanuciolii,jzanucioliikl@reference.com,Female,976-706-7124,Toyota,FJ Cruiser,2010,29696.57,40
743,Babbette,Rowell,browellkm@amazon.co.jp,Female,223-475-4793,Cadillac,Escalade ESV,2005,78505.94,40
744,Glenn,Dietsche,,Male,161-630-6185,Toyota,Tacoma Xtra,2001,64572.59,20
745,Nikki,Ellif,nellifko@google.es,Male,452-175-1422,Chevrolet,Corvette,2001,107154.58,30
746,Bobby,Banton,bbantonkp@purevolume.com,Male,443-879-8704,Audi,200,1991,118394.47,40
747,Desdemona,Demanche,ddemanchekq@berkeley.edu,Female,220-944-0768,Dodge,Durango,2009,9413.62,20
748,Garry,Torrie,gtorriekr@jimdo.com,Male,381-444-5432,Honda,Fit,2009,80159.36,20
749,Fidela,Chomiszewski,fchomiszewskiks@newyorker.com,Female,119-278-5324,Nissan,Sentra,2010,135439.47,10
750,Derrik,Riveles,driveleskt@skyrock.com,Male,684-190-1043,Lexus,IS F,2009,55141.96,40
751,Deena,Beacon,dbeaconku@ning.com,Female,728-966-3050,Chevrolet,TrailBlazer,2005,58276.87,10
752,Rozalie,Campione,rcampionekv@weebly.com,Female,982-570-8524,Cadillac,Escalade ESV,2004,65650.19,10
753,Lenette,Boldra,lboldrakw@de.vu,Female,538-538-0572,Ford,Bronco,1984,14933.12,10
754,Hedwig,Gabb,hgabbkx@163.com,Female,874-932-8924,Mercedes-Benz,SLK-Class,2012,118433.31,20
755,Atlante,Schruyer,aschruyerky@eventbrite.com,Female,482-924-7089,BMW,525,2004,148001.52,10
756,Jodie,Wattingham,jwattinghamkz@vinaora.com,Female,999-885-4705,GMC,Canyon,2006,117063.21,10
757,Bianca,Placido,bplacidol0@upenn.edu,Female,334-122-8115,Mazda,626,1984,61552.16,10
758,Knox,Lejeune,klejeunel1@tamu.edu,Male,657-118-3089,Mitsubishi,Lancer,2010,115766.38,30
759,Lizzie,Preddy,lpreddyl2@dyndns.org,Female,265-554-9007,Mercedes-Benz,SLK-Class,2004,108618.29,10
760,Ezra,Sperry,esperryl3@bloomberg.com,Male,539-143-3687,MINI,Cooper Clubman,2012,94468.23,40
761,Ira,Birdwistle,,Male,453-814-2188,Toyota,Camry Solara,2006,33073.28,30
762,Sylvan,Jell,sjelll5@free.fr,Male,960-205-7935,Buick,Park Avenue,1993,73838.56,20
763,Annissa,Pulford,apulfordl6@admin.ch,Female,223-650-9363,Bentley,Continental,2010,27142.16,40
764,Rainer,De Ferrari,rdeferraril7@nifty.com,Male,480-646-3499,Saab,9000,1987,83593.21,20
765,Leland,Radki,lradkil8@stanford.edu,Male,528-687-3884,Ford,F150,2012,47857.54,40
766,Kermy,Lecky,kleckyl9@techcrunch.com,Male,276-691-5182,Pontiac,Grand Prix,1989,89947.62,20
767,Pavla,Flindall,pflindallla@theglobeandmail.com,Female,569-664-1389,Buick,Park Avenue,1995,10765.53,20
768,Jordon,Stourton,jstourtonlb@narod.ru,Male,855-973-8321,Kia,Sedona,2004,107768.12,30
769,Eugen,Fludgate,efludgatelc@drupal.org,Male,211-655-4657,MINI,Cooper,2011,21193.99,40
770,Catrina,Oscroft,coscroftld@fema.gov,Female,404-138-6826,Dodge,Ram 3500,2003,100801.3,20
771,Barrie,Lafuente,blafuentele@businessweek.com,Female,213-326-4627,Kia,Sedona,2011,18376.27,40
772,Charla,Margett,cmargettlf@bandcamp.com,Female,963-321-8312,Hyundai,Genesis,2011,95230.46,30
773,Thelma,Cavet,tcavetlg@youtu.be,Female,721-181-8671,Buick,Regal,2004,65755.9,40
774,Marcel,Donoghue,mdonoghuelh@joomla.org,Male,374-680-1595,Oldsmobile,Bravada,1999,53758.11,10
775,Hope,Laffan,hlaffanli@themeforest.net,Female,264-426-8715,Chrysler,LeBaron,1994,91468.99,30
776,Camile,Cartledge,ccartledgelj@businesswire.com,Female,145-461-6250,Panoz,Esperante,2007,138381.58,20
777,Cthrine,Usher,cusherlk@amazon.co.uk,,,Mitsubishi,Pajero,1988,108889.74,10
778,Jeanna,Bardwell,jbardwellll@ucoz.com,Female,959-191-3440,Volkswagen,Scirocco,1988,87885.19,10
779,Cacilie,Gascoyen,cgascoyenlm@wikispaces.com,Female,208-255-9465,Mitsubishi,Eclipse,1993,30210.27,40
780,Phylis,Chugg,pchuggln@cbsnews.com,Female,960-467-5251,Mercedes-Benz,SL-Class,1995,47619.45,20
781,Matt,Frontczak,mfrontczaklo@edublogs.org,Male,324-434-8677,Suzuki,Esteem,1996,27863.51,40
782,Hayward,Keese,hkeeselp@nationalgeographic.com,Male,956-522-0881,Audi,100,1989,44849.94,40
783,Aubrey,Doole,adoolelq@reference.com,Female,959-289-5350,Ford,Focus,2002,92333.98,40
784,Harland,Clint,hclintlr@blogspot.com,Male,634-254-5773,GMC,Vandura 1500,1994,131286.32,20
785,Farlie,Coke,fcokels@ed.gov,Male,711-243-8776,MG,MGB,1977,27996.3,20
786,Merv,Bodesson,mbodessonlt@ucoz.ru,Male,392-506-0089,Acura,NSX,1992,102535.89,10
787,Vance,Francescone,vfrancesconelu@wikia.com,Male,584-667-8367,Dodge,Dakota,2004,94960.19,40
788,Lexis,Pirson,lpirsonlv@i2i.jp,Female,660-509-0465,Chevrolet,Avalanche,2006,8645.94,40
789,Basil,Allworthy,ballworthylw@ifeng.com,Male,823-362-9491,Nissan,JUKE,2011,117820.53,10
790,Bondon,Roulston,broulstonlx@chicagotribune.com,Male,689-853-0158,Lexus,IS,2005,148862.07,10
791,Barry,Conor,bconorly@jalbum.net,Female,732-933-2466,Subaru,Legacy,2008,46991.56,40
792,Georgianne,Giacopazzi,ggiacopazzilz@sogou.com,Female,524-215-5413,Plymouth,Volare,1976,37087.14,30
793,Murvyn,Fibbitts,mfibbittsm0@google.cn,Male,729-403-2631,Subaru,Legacy,1993,5802.7,30
794,Charley,Adanez,cadanezm1@chron.com,Male,720-282-0226,Ford,Thunderbird,1989,104534.08,40
795,Eal,Laxtonne,elaxtonnem2@usgs.gov,Male,416-359-6591,Mitsubishi,Mirage,1994,13472.8,30
796,Taite,Piperley,tpiperleym3@boston.com,Male,667-955-4299,Dodge,Charger,2008,42223.89,40
797,Franni,Vasentsov,fvasentsovm4@europa.eu,Female,448-899-0889,Audi,V8,1990,95217.04,20
798,Korrie,Giblett,kgiblettm5@reverbnation.com,Female,681-985-0713,Mercury,Sable,2002,83621.75,10
799,Ebenezer,Tebbett,etebbettm6@typepad.com,Male,284-563-9741,Lexus,IS-F,2009,135335.64,40
800,Marie,Smitheman,msmithemanm7@ebay.com,Female,637-646-9004,Mazda,MPV,2003,21051.05,30
801,Carla,Borghese,cborghesem8@ebay.co.uk,Female,336-667-2969,Ford,Econoline E250,2002,92560.64,20
802,Dalton,Merrywether,dmerrywetherm9@so-net.ne.jp,Male,302-585-2241,Volkswagen,New Beetle,1998,68303.92,40
803,Jarrod,Kilpatrick,jkilpatrickma@is.gd,Male,535-450-3659,Infiniti,EX,2012,131300.33,30
804,Field,Guyon,fguyonmb@goo.ne.jp,Male,740-476-4926,Ford,F350,2011,78917.21,20
805,Clarance,Plank,cplankmc@altervista.org,Male,916-360-3542,Lincoln,Mark VII,1992,67211.45,30
806,Katleen,Bloy,kbloymd@slate.com,Female,514-615-8729,Ford,Edge,2010,65493.98,30
807,Perla,Brecher,pbrecherme@webs.com,Female,435-176-2056,Cadillac,CTS,2008,41619.13,30
808,Clywd,Ida,cidamf@nydailynews.com,Male,391-443-5715,Chrysler,Sebring,2006,14826.02,10
809,Irma,FitzAlan,ifitzalanmg@skype.com,Female,912-318-4269,Ford,Thunderbird,1972,50547.49,20
810,Gearalt,Worge,gworgemh@google.de,Male,290-276-8428,Nissan,Frontier,2008,92740.79,30
811,Wenda,Fieldsend,wfieldsendmi@wp.com,Female,904-357-4162,BMW,5 Series,2007,24794.44,10
812,Saleem,Brydie,sbrydiemj@hostgator.com,Male,835-951-5869,BMW,530,2004,27472.11,10
813,Aviva,Mohammed,amohammedmk@chicagotribune.com,Female,912-178-8940,Chevrolet,Silverado 1500,2000,84846.6,10
814,Zita,Coushe,zcousheml@wikimedia.org,Female,343-206-3367,Ford,Econoline E350,1999,93717.65,40
815,Gerty,Barkus,gbarkusmm@businessweek.com,Female,799-789-0266,Nissan,Quest,1996,40167.79,30
816,Casie,O'Kelly,cokellymn@google.it,Female,350-577-6547,Citro√´n,CX,1989,45851.83,10
817,Alberik,Bagge,abaggemo@ask.com,Male,228-509-7040,Porsche,928,1991,118597.91,40
818,Carlin,Greenstead,cgreensteadmp@freewebs.com,Female,177-520-9807,Ford,Econoline E150,1997,98704.17,40
819,Walton,Edmundson,wedmundsonmq@earthlink.net,Male,455-118-0743,Ford,Taurus,2001,92668.08,20
820,Dilly,O'Hannigan,dohanniganmr@xrea.com,Male,109-230-3435,Land Rover,Range Rover Sport,2006,34724.06,40
821,Harwell,Daverin,hdaverinms@youtube.com,Male,648-147-4258,Mitsubishi,Truck,1992,144325.63,40
822,Karmen,Wasylkiewicz,kwasylkiewiczmt@furl.net,Female,690-197-4240,Chevrolet,Cavalier,1992,28655.22,30
823,Hatti,Domnin,,Female,850-722-8214,GMC,Yukon,2011,141808.68,40
824,Delores,Stogill,dstogillmv@psu.edu,Female,547-469-3055,Mitsubishi,Pajero,2000,95744.12,30
825,Nat,Justun,njustunmw@phpbb.com,Male,941-594-5330,Suzuki,Cultus,1985,129073.81,40
826,Kaylyn,Spurnier,kspurniermx@flickr.com,Female,359-252-0225,Mercedes-Benz,SLK-Class,1999,19044.45,10
827,Neel,Limon,nlimonmy@webnode.com,Male,436-636-0654,Mitsubishi,Cordia,1986,126030.65,10
828,Geri,Kimmel,gkimmelmz@newsvine.com,Male,430-296-0301,Lincoln,MKT,2013,48954.65,40
829,Hayley,Zukierman,,Female,566-314-0572,Chevrolet,Express,2009,55671.13,40
830,Oran,Ishchenko,oishchenkon1@free.fr,Male,623-547-4512,Lexus,LS,1990,31402.38,10
831,Isabella,Lexa,ilexan2@joomla.org,Female,266-706-3411,Acura,TL,2010,44357.46,40
832,Barrie,Knightsbridge,bknightsbridgen3@skyrock.com,,,Lexus,SC,1994,99593.97,40
833,Gizela,Bransden,gbransdenn4@topsy.com,Female,456-447-1897,Acura,TL,2009,41272.31,10
834,Else,Jeanin,ejeaninn5@networkadvertising.org,Female,474-403-0067,Geo,Prizm,1992,137650.95,10
835,Stanleigh,Ridgway,sridgwayn6@webeden.co.uk,Male,318-251-2409,Pontiac,Vibe,2003,30522.77,30
836,Marsiella,Gorvette,mgorvetten7@noaa.gov,Female,806-200-8187,Audi,S6,2008,84908.06,40
837,Wat,Walker,wwalkern8@booking.com,Male,312-341-9450,Subaru,Legacy,2010,96843.64,20
838,Alleen,Chedgey,achedgeyn9@wp.com,Female,794-246-5950,Audi,TT,2009,61959.85,20
839,Susanne,Bucke,sbuckena@cnbc.com,Female,991-600-6749,Suzuki,SJ 410,1984,149006.09,10
840,Ash,Simacek,asimaceknb@yolasite.com,Male,364-691-2496,GMC,2500 Club Coupe,1995,95336.83,40
841,Barnett,Folds,bfoldsnc@mysql.com,Male,724-864-3585,Toyota,Tacoma,2007,51036.35,40
842,Hadria,Dudenie,hdudeniend@sitemeter.com,Female,814-579-4848,Pontiac,Grand Prix,1994,45953.93,40
843,Meghan,Matushevitz,mmatushevitzne@bloglovin.com,Female,164-872-1738,Hyundai,Accent,2010,64792.32,20
844,Bea,Gorner,bgornernf@booking.com,Female,722-159-0748,Subaru,B9 Tribeca,2006,34725.46,40
845,Zechariah,Raccio,zracciong@tumblr.com,Male,351-703-6101,Ford,Explorer Sport Trac,2004,52165.56,30
846,Olivia,Breagan,obreagannh@wikipedia.org,Female,334-754-1090,Mazda,Mazda3,2008,125260.45,20
847,Maegan,Idney,midneyni@boston.com,Female,923-893-6724,Porsche,911,2002,102364.42,10
848,Giraldo,Kleeman,gkleemannj@sohu.com,Male,225-519-2905,Toyota,Land Cruiser,2008,128262.99,40
849,Nap,Treherne,ntrehernenk@dropbox.com,Male,407-926-8095,Chevrolet,Metro,1998,132750.41,10
850,Jud,Mitford,,Male,939-431-5190,Oldsmobile,88,1994,115444.27,20
851,Roobbie,Isard,risardnm@bbb.org,Female,970-425-4295,Pontiac,Safari,1989,36389.21,30
852,Dougy,Ferrieres,dferrieresnn@adobe.com,Male,800-902-1361,Volkswagen,Jetta,2011,125584.02,20
853,Eustace,Eminson,eeminsonno@usatoday.com,Male,176-595-3769,Toyota,Prius,2011,17448.05,20
854,Madelina,Straneo,,Female,689-237-9392,Chevrolet,Silverado 1500,1999,16384.08,40
855,Vyky,Trotman,vtrotmannq@gizmodo.com,Female,331-146-7800,Acura,CL,2002,31234.78,10
856,Grantham,Coldbathe,gcoldbathenr@google.com.au,Male,799-187-4786,Volkswagen,New Beetle,2008,26237.72,10
857,Micheal,Culligan,mculliganns@hp.com,Male,157-492-8379,Saab,9-5,2001,82659.06,40
858,Lita,Gouth,lgouthnt@qq.com,Female,227-979-1523,Mazda,Mazda6,2012,135517.06,10
859,Ellynn,Water,ewaternu@hc360.com,Female,705-712-1796,BMW,Z4,2006,86956.27,30
860,Vance,Godilington,vgodilingtonnv@istockphoto.com,Male,386-319-5959,Infiniti,Q,1994,68796.87,30
861,Mechelle,Foottit,mfoottitnw@ucla.edu,Female,703-291-3980,Mercury,Topaz,1993,40585.54,30
862,Yank,Gordon-Giles,ygordongilesnx@tiny.cc,Male,924-495-3048,Ford,Ranger,1990,47790.07,40
863,Adrian,Mattersey,amatterseyny@dropbox.com,Male,341-950-1598,Mercedes-Benz,E-Class,1991,37815.99,40
864,Dev,Chapelhow,dchapelhownz@istockphoto.com,Male,887-522-1442,Jeep,Grand Cherokee,1998,13641.16,30
865,Alyda,Emps,aempso0@cam.ac.uk,Female,305-831-3287,Volkswagen,Jetta,1988,25313.46,20
866,Ariadne,Cruz,acruzo1@soundcloud.com,Female,239-757-8861,Subaru,Loyale,1991,141154.63,30
867,Remus,Knivett,rknivetto2@state.gov,Male,990-839-6137,Audi,A6,2003,33483.24,20
868,Nixie,Greenway,ngreenwayo3@globo.com,Female,958-461-4569,Isuzu,Hombre,1997,103422.92,30
869,Vivienne,Allicock,vallicocko4@ucsd.edu,Female,542-233-6769,Lexus,LS,1992,11632.55,40
870,Nathanael,Summers,nsummerso5@columbia.edu,Male,329-283-4429,Chevrolet,Suburban 1500,2002,61765.21,40
871,Marline,Flasby,mflasbyo6@purevolume.com,Female,525-820-8445,BMW,M,2000,46493.42,30
872,Nannie,Lanigan,nlanigano7@bravesites.com,Female,235-102-7109,BMW,530,2006,141975.34,10
873,Emlen,Bygraves,ebygraveso8@latimes.com,Male,680-719-6995,Nissan,Pathfinder,2002,26227.69,40
874,Krispin,Marland,kmarlando9@paypal.com,Male,677-462-5572,Mazda,MPV,1996,130064.86,40
875,Orran,Arlet,oarletoa@dropbox.com,Male,415-108-1562,Ford,Ranger,1994,29686.69,20
876,Bonnee,Knowlton,bknowltonob@lycos.com,Female,389-968-6080,Lincoln,Mark VIII,1993,138491.84,40
877,Gerty,Limon,glimonoc@google.ca,Female,229-514-6037,Mercedes-Benz,GL-Class,2007,78177.4,20
878,Fredelia,Sparke,fsparkeod@surveymonkey.com,Female,508-647-3121,Mitsubishi,Chariot,1985,115006.08,30
879,Philippe,Mohammad,pmohammadoe@webs.com,Female,520-694-7194,Volvo,V70,2000,125552.99,20
880,Karlen,Renish,krenishof@amazonaws.com,Female,601-226-1848,Honda,Odyssey,2009,66884.86,10
881,Eleonora,Leathers,eleathersog@surveymonkey.com,Female,306-270-7302,Isuzu,Impulse,1992,58442.57,20
882,Westleigh,McKeevers,wmckeeversoh@t-online.de,Male,262-876-7539,Kia,Spectra,2007,48283.13,40
883,Bobbe,McIlmurray,bmcilmurrayoi@devhub.com,Female,529-265-6297,Jaguar,XJ,2006,68103.56,30
884,Pavia,Jorgesen,pjorgesenoj@vk.com,Female,591-380-3049,Porsche,911,1988,98457.14,30
885,Jacklin,Goodfellow,jgoodfellowok@myspace.com,Female,313-325-2886,Chevrolet,S10,1997,86894.3,30
886,Erina,Latore,elatoreol@theatlantic.com,Female,180-708-9828,Mercedes-Benz,SLR McLaren,2005,77296.3,10
887,Allard,Mothersdale,amothersdaleom@google.es,Male,392-421-2675,BMW,M6,2009,149825.03,10
888,Valene,Ions,vionson@nymag.com,Female,751-691-8715,GMC,3500,1996,95190.11,20
889,Reggie,Bayly,rbaylyoo@cam.ac.uk,Female,403-838-2825,Porsche,944,1986,134895.79,40
890,Malcolm,Wooddisse,mwooddisseop@businessweek.com,Male,752-645-4477,Mercedes-Benz,SL-Class,1984,86663.35,20
891,Janene,Wayper,jwayperoq@hc360.com,Female,520-375-0529,Aston Martin,DB9,2008,128485.44,40
892,Rhodia,Sheddan,rsheddanor@nyu.edu,Female,406-608-3418,Volkswagen,Golf,2011,86993.0,10
893,Suzi,Szymanowski,sszymanowskios@census.gov,Female,826-698-3598,Plymouth,Colt Vista,1992,73915.92,40
894,Blaire,McGuirk,bmcguirkot@constantcontact.com,Female,481-337-5918,Plymouth,Acclaim,1994,121271.53,10
895,Forest,Helix,fhelixou@virginia.edu,Male,257-441-6569,Ford,F150,1993,104154.5,30
896,Katherina,Orris,korrisov@google.it,Female,442-924-2671,Mazda,B-Series,1987,105442.62,40
897,Hurleigh,Habbin,hhabbinow@sun.com,Male,453-196-3906,Chevrolet,Silverado 3500,2002,148637.88,10
898,Myrtia,Inkpen,minkpenox@guardian.co.uk,Female,116-718-5604,Bentley,Azure,2009,120969.25,40
899,Dewey,Hellicar,dhellicaroy@yelp.com,Male,282-471-2172,Mitsubishi,Lancer Evolution,2004,33948.14,10
900,Myrna,Kidstoun,mkidstounoz@stanford.edu,Female,409-725-6637,Cadillac,Escalade ESV,2004,50513.08,20
901,Rhonda,Boldecke,rboldeckep0@typepad.com,Female,727-309-2093,BMW,Z4,2003,62284.77,30
902,Pepita,MacMichael,pmacmichaelp1@mayoclinic.com,Female,272-327-5804,Dodge,Viper,1997,102916.0,10
903,Wilmer,Meates,wmeatesp2@wordpress.org,Male,513-768-8143,Jeep,Wrangler,1999,61590.07,20
904,Darci,Ashwood,,Female,705-700-5316,Ram,3500,2012,143870.88,40
905,Staford,Biddwell,sbiddwellp4@tuttocitta.it,Male,918-101-0866,BMW,M3,2012,77164.45,10
906,Joseph,Shaefer,jshaeferp5@ameblo.jp,Male,230-739-7560,Volkswagen,Golf,1998,74232.4,30
907,Delila,Celli,dcellip6@latimes.com,Female,331-811-1242,Ford,Aerostar,1992,113946.11,20
908,Marcellus,De Mars,mdemarsp7@indiegogo.com,Male,482-889-1682,GMC,1500 Club Coupe,1996,93473.65,20
909,Amber,Bercevelo,,Female,655-877-5042,Mercury,Mystique,1999,32261.57,40
910,Boyd,Landrieu,blandrieup9@upenn.edu,Male,884-271-3279,Chevrolet,Tahoe,2000,113639.79,40
911,Gavin,Fosdike,gfosdikepa@t.co,Male,478-780-4374,Hyundai,Tucson,2012,18827.1,20
912,Daffie,Malatalant,dmalatalantpb@feedburner.com,Female,925-363-2775,Subaru,Legacy,1993,23675.76,40
913,Winslow,Dalli,wdallipc@abc.net.au,Male,392-916-9711,Subaru,Impreza,2010,39511.45,40
914,Kirsteni,Caddens,kcaddenspd@wix.com,Female,416-801-3625,Ford,Explorer Sport,2003,54161.94,20
915,Tandy,Hobden,thobdenpe@pcworld.com,Female,952-761-2418,MINI,Cooper Clubman,2012,84094.62,10
916,Holly-anne,Mitkov,hmitkovpf@163.com,Female,477-909-1272,BMW,M3,2011,123442.95,20
917,Noell,Trimmill,ntrimmillpg@bizjournals.com,Female,248-308-6935,Subaru,Justy,1992,106026.45,10
918,Rafaello,Chmarny,rchmarnyph@ft.com,Male,310-215-6288,Mercedes-Benz,CL-Class,1999,119520.25,30
919,Chaddie,Watterson,cwattersonpi@photobucket.com,Male,768-186-7350,Mitsubishi,Lancer Evolution,2008,103308.38,10
920,Ira,Jiroudek,ijiroudekpj@columbia.edu,Female,421-109-3506,Hyundai,Sonata,1999,80544.13,40
921,Dalston,Mordacai,dmordacaipk@hhs.gov,Male,367-310-6273,Buick,Rainier,2005,7292.37,30
922,Avril,Baskwell,abaskwellpl@shop-pro.jp,Female,394-985-1888,Infiniti,I,1999,79060.17,40
923,Hamlen,Barbour,hbarbourpm@mayoclinic.com,Male,826-900-7921,Pontiac,Grand Am,2005,94723.74,40
924,Gipsy,Oldknow,goldknowpn@com.com,Female,938-861-5125,GMC,Sonoma,1993,105331.34,40
925,Oran,Axelbey,oaxelbeypo@china.com.cn,Male,195-337-2743,Mitsubishi,Mighty Max,1992,89459.42,10
926,Betteann,Burrel,bburrelpp@technorati.com,Female,175-791-8540,Volvo,XC60,2012,26841.99,30
927,Maurizia,Theze,mthezepq@phpbb.com,Female,629-449-9481,Plymouth,Sundance,1994,99725.24,10
928,Xerxes,Govier,xgovierpr@cloudflare.com,Male,321-781-5980,Volkswagen,Tiguan,2009,91456.98,30
929,Tybalt,Barabisch,tbarabischps@baidu.com,Male,116-828-6568,Bentley,Azure,2008,147477.4,10
930,Jeannette,Shellsheere,jshellsheerept@nps.gov,Female,623-711-3104,Chevrolet,Suburban 1500,2005,133154.51,20
931,Domini,Wendover,dwendoverpu@umich.edu,Female,725-271-1971,Chevrolet,Equinox,2008,38557.0,40
932,Helaina,Autrie,hautriepv@java.com,Female,901-198-2044,Dodge,Ram 1500,1994,111369.52,40
933,Niel,Guillerman,nguillermanpw@ft.com,Male,240-528-2452,Buick,Skylark,1994,71505.34,10
934,Fredric,Jarrelt,fjarreltpx@jiathis.com,,,Audi,A3,2012,101730.89,20
935,Pandora,Broomhall,pbroomhallpy@blogtalkradio.com,Female,916-378-1290,Mercury,Tracer,1995,68903.75,10
936,Cullan,Fomichyov,cfomichyovpz@topsy.com,Male,573-821-4947,GMC,Sierra 3500,2002,26347.34,40
937,Barbette,Fri,bfriq0@unesco.org,Female,414-596-3703,Suzuki,Daewoo Magnus,2004,71383.92,40
938,Verne,Dullaghan,vdullaghanq1@liveinternet.ru,,,Dodge,Caravan,2011,94923.66,20
939,Joey,Philipsen,jphilipsenq2@clickbank.net,Female,855-146-1761,Ford,F-Series,1987,70965.56,20
940,Bernice,Ronaghan,bronaghanq3@cargocollective.com,,,Toyota,Echo,2000,133461.09,20
941,Adaline,Deboy,adeboyq4@house.gov,Female,404-548-8777,Infiniti,Q,2000,135387.48,40
942,Sela,McWhannel,smcwhannelq5@ycombinator.com,Female,209-215-4307,Lamborghini,Murci√©lago,2009,137435.25,20
943,Alys,Fahey,afaheyq6@abc.net.au,Female,624-556-0990,Chevrolet,Suburban 1500,2012,148727.19,20
944,Darby,Pate,dpateq7@purevolume.com,Male,893-134-5216,Mitsubishi,Challenger,2001,118591.67,10
945,Bonni,Jinks,bjinksq8@pagesperso-orange.fr,Female,329-264-3701,Mazda,323,1992,126673.1,20
946,Irina,Mannock,imannockq9@flickr.com,Female,344-331-6284,Infiniti,FX,2010,37669.97,10
947,Harvey,Wolfendale,hwolfendaleqa@freewebs.com,Male,202-611-2681,Geo,Storm,1992,35570.98,40
948,Onida,Delieu,odelieuqb@creativecommons.org,Female,981-509-3329,GMC,Sonoma Club,1992,36687.3,30
949,Diandra,Giorgio,dgiorgioqc@vk.com,Female,605-396-4661,Chevrolet,Corvette,1997,64288.44,30
950,Arron,Thraves,athravesqd@va.gov,Male,437-103-4060,GMC,Savana 3500,2003,87827.71,30
951,Laurent,Mell,lmellqe@ebay.co.uk,Male,705-817-7659,BMW,Z8,2001,20692.32,30
952,Hadleigh,Denidge,hdenidgeqf@vinaora.com,Male,692-215-8692,Chrysler,LHS,2000,145625.31,10
953,Filmer,Sollars,fsollarsqg@google.cn,Male,775-477-3448,Acura,NSX,2000,99070.39,30
954,Phoebe,Wilmut,pwilmutqh@wikimedia.org,Female,829-495-8025,Acura,ZDX,2010,100730.8,10
955,Allie,Gabbetis,agabbetisqi@freewebs.com,Male,651-755-4423,Dodge,Caravan,1997,121572.46,40
956,Chet,Setchell,csetchellqj@marketwatch.com,Male,417-587-3458,Honda,Civic,1985,118880.75,30
957,Maggee,Garrat,mgarratqk@sciencedaily.com,Female,772-468-1930,Kia,Optima,2005,103243.98,40
958,Pammy,Mussotti,pmussottiql@1688.com,Female,378-598-6654,Volvo,940,1995,39134.67,20
959,Nerissa,Wesson,nwessonqm@deviantart.com,Female,265-326-9873,Honda,S2000,2001,61918.54,30
960,Mathilda,Levi,mleviqn@networkadvertising.org,Female,503-806-1690,Pontiac,Sunbird,1985,113286.36,20
961,Ritchie,Cearley,rcearleyqo@house.gov,Male,510-640-5117,GMC,Yukon Denali,2006,140429.29,10
962,Esme,Teresa,eteresaqp@php.net,Male,303-187-0892,Chevrolet,Corvette,2011,71955.12,40
963,Ansel,Vowell,avowellqq@vinaora.com,Male,458-528-9436,Toyota,Sienna,2010,63188.71,20
964,Quentin,Deniskevich,qdeniskevichqr@salon.com,Female,444-250-4244,Toyota,RAV4,2003,82926.41,20
965,Krysta,Rozenzweig,krozenzweigqs@posterous.com,Female,279-443-6808,Chevrolet,Silverado,2002,23138.08,40
966,Myrtle,Mulvin,mmulvinqt@jugem.jp,Female,119-276-8029,Dodge,Ram,2011,67550.32,40
967,Bryon,Scotchbrook,bscotchbrookqu@telegraph.co.uk,Male,857-672-2316,Mitsubishi,3000GT,1996,143416.43,10
968,Guglielmo,Birrel,gbirrelqv@hao123.com,Male,981-960-4590,Oldsmobile,Alero,1999,112757.11,10
969,Herman,Sante,hsanteqw@census.gov,Male,875-987-3339,Volkswagen,Golf,1993,117878.8,40
970,Mei,Patchett,mpatchettqx@nature.com,Female,362-458-6838,Mitsubishi,L300,1988,106488.14,30
971,Inigo,Croft,icroftqy@boston.com,Male,557-338-9680,Nissan,JUKE,2012,111940.48,30
972,Rick,Portwaine,rportwaineqz@blinklist.com,Male,419-671-1006,Chrysler,Concorde,1993,73737.11,20
973,Farra,Criple,fcripler0@shop-pro.jp,Female,818-316-4957,Acura,Vigor,1993,111973.69,10
974,Lindsay,De la Eglise,ldelaegliser1@ox.ac.uk,Male,349-551-7637,Dodge,Ram Van 3500,2001,114024.86,20
975,Giavani,Vernall,gvernallr2@wiley.com,Male,676-281-7586,Bentley,Azure,2010,88609.28,20
976,Sheila-kathryn,Ghiriardelli,sghiriardellir3@ocn.ne.jp,Female,426-169-7692,Jaguar,XJ Series,1996,11956.13,40
977,Marwin,Danet,mdanetr4@issuu.com,Male,323-249-8867,GMC,Rally Wagon 2500,1993,79716.12,40
978,Gerrie,Collisson,gcollissonr5@privacy.gov.au,Male,303-981-6195,GMC,Envoy XL,2003,22361.62,10
979,Charlton,Peppett,cpeppettr6@mapy.cz,Male,511-561-7134,Dodge,Durango,2011,58636.63,20
980,Collie,Gresswell,cgresswellr7@163.com,Female,984-648-8780,Saturn,S-Series,2002,78228.27,10
981,Evin,Deeming,edeemingr8@china.com.cn,Male,596-221-1105,Volkswagen,Passat,1990,67201.04,10
982,Wes,Stoffels,wstoffelsr9@google.cn,Male,373-724-5985,Saab,9-5,2010,141948.48,40
983,Kristal,Gonzalez,kgonzalezra@360.cn,Female,683-649-7508,Ford,Five Hundred,2006,33872.91,40
984,Jillana,Ewens,jewensrb@npr.org,Female,162-729-1710,Acura,RL,2003,74127.53,10
985,Shay,Welband,swelbandrc@github.io,Female,545-518-8840,Oldsmobile,88,1997,141944.42,40
986,Saundra,Camlin,scamlinrd@theatlantic.com,Male,974-623-0423,Ford,Fusion,2009,103239.72,10
987,Cletis,Lanceley,clanceleyre@epa.gov,Male,655-799-1178,MINI,Clubman,2008,82205.53,20
988,Yulma,Dodds,ydoddsrf@oracle.com,Male,794-632-4222,Mazda,Millenia,1996,43954.18,10
989,Kathi,Burhill,kburhillrg@1und1.de,Female,479-384-8817,GMC,Sierra 3500,2012,27579.85,10
990,Christiana,Maddern,,Female,473-688-1723,Ford,Crown Victoria,1997,48664.76,20
991,Michel,Rean,mreanri@va.gov,Female,777-606-2664,Buick,Roadmaster,1995,117870.42,20
992,Halsey,Filson,hfilsonrj@cnet.com,Male,884-164-5942,Toyota,Sienna,2012,124854.54,20
993,Silvan,Turle,sturlerk@elpais.com,Male,727-789-6490,Saab,9-5,2000,134586.81,20
994,Kelsey,Woodeson,kwoodesonrl@yahoo.com,Female,893-635-7889,Mercury,Mariner,2009,17698.59,20
995,Sterne,Dominique,sdominiquerm@linkedin.com,Male,284-383-6338,Jeep,Wrangler,2009,128357.91,10
996,Wit,Vian,wvianrn@mozilla.org,Male,122-507-3801,Mercedes-Benz,E-Class,2010,30700.29,20
997,Blane,Gabby,bgabbyro@miitbeian.gov.cn,Male,145-490-3387,Aston Martin,Vantage,2011,104194.27,40
998,Kip,Moylan,kmoylanrp@flavors.me,Female,595-911-2878,Nissan,Titan,2012,34719.88,40
999,Quint,Phillimore,qphillimorerq@1688.com,Male,176-331-7267,GMC,Savana 1500,1997,54700.57,40
1000,Skipton,Laxe,slaxerr@bandcamp.com,Male,906-297-4807,Ford,Expedition,2001,6991.26,40
